term,polarity,pos_n,neu_n,neg_n,top_category
5星好评,正面,2,0,0,整体
666,正面,1,0,0,整体
nice,正面,1,0,0,整体
一如既往的喜欢,正面,1,0,0,整体
一如既往的好,正面,12,0,0,整体
一抹就开,正面,1,0,0,使用体验
一整天,正面,1,0,0,功效
一样,正面,3,0,0,气味
一流,正面,2,0,0,服务
一流的,正面,2,0,0,物流
一点不好,负面,0,0,1,功效
一点不好用,负面,0,0,1,整体
一点也不刺激,正面,1,0,0,使用体验
一点也不好用,负面,0,0,1,其他
一点也不干,正面,1,0,0,使用体验
一点也不油,正面,1,0,0,使用体验
一点也不浮,正面,1,0,0,使用体验
一点也不紧绷,正面,1,0,0,使用体验
一点刺激感都没有,正面,1,0,0,使用体验
一点没问题,正面,1,0,0,使用体验
一点点,负面,0,0,1,尺寸
一点点红,负面,0,0,1,使用体验
一点都不水润,负面,0,0,1,使用体验
一点都没有,负面,0,0,1,功效
一片一片的,正面,1,0,0,使用体验
一百个赞,正面,2,0,0,物流
一直信赖,正面,1,0,0,整体
一直在用,正面,1,0,0,整体
一直棒棒,正面,1,0,0,整体
一直用,正面,2,0,0,整体
一直都用,正面,1,0,0,整体
一般,中性,1,26,1,整体
一般般,中性,0,16,2,整体
一般般吧,中性,0,1,0,功效
三流,负面,0,0,1,物流
上乘,正面,2,0,0,整体
上当了,负面,0,0,1,整体
上档次,正面,1,0,0,包装
不一样,负面,0,1,1,气味
不习惯,负面,0,0,1,气味
不会刺痛,正面,1,0,0,使用体验
不会太多,正面,1,0,0,使用体验
不会差,正面,3,0,0,整体
不会很干,正面,2,0,0,使用体验
不会掉粉,正面,1,0,0,使用体验
不会有,正面,2,0,0,使用体验
不会浮粉,正面,2,0,0,使用体验
不会紧绷,正面,2,0,0,使用体验
不会觉得紧绷,正面,1,0,0,使用体验
不会过敏,正面,3,0,0,使用体验
不伤皮肤,正面,1,0,0,使用体验
不保湿,负面,1,0,2,功效
不值,负面,0,0,1,整体
不假白,正面,3,0,0,功效
不假面,正面,1,0,0,功效
不刺激,正面,22,0,0,使用体验
不刺鼻,正面,1,0,0,气味
不加白,正面,1,0,0,功效
不卡粉,正面,18,0,0,使用体验
不厚,正面,2,0,0,使用体验
不厚重,正面,3,0,0,使用体验
不合格,负面,0,0,1,服务
不吸收,负面,0,0,2,使用体验
不喜欢,负面,0,0,5,整体
不壳粉,正面,1,0,0,使用体验
不多,中性,1,2,1,使用体验
不够细腻,正面,1,0,0,使用体验
不大好,负面,0,0,1,整体
不太刺激,正面,1,0,0,使用体验
不太喜欢,负面,0,0,4,气味
不太好,负面,0,0,4,整体
不太好洗掉,负面,0,0,1,使用体验
不太开心,负面,0,0,1,整体
不太适合,负面,0,0,2,整体
不夸张,正面,1,0,0,功效
不好,负面,0,0,13,整体
不好上妆,负面,0,0,1,功效
不好晕开,正面,1,0,0,使用体验
不好涂开,负面,0,0,1,使用体验
不好用,负面,0,0,18,整体
不好闻,负面,0,0,2,气味
不少,正面,1,0,0,价格
不差,正面,1,0,0,整体
不干,正面,17,0,0,使用体验
不干净,负面,0,0,1,功效
不干涩,正面,1,0,0,使用体验
不干燥,正面,8,0,0,使用体验
不干皮,正面,1,0,0,使用体验
不开心,负面,0,0,2,整体
不怎么亮肤,负面,0,0,1,功效
不怎么好用,负面,0,0,1,整体
不怎么样,负面,0,0,4,整体
不怎么油腻,正面,1,0,0,使用体验
不怎么白,负面,0,0,1,功效
不怎么补水,负面,0,0,1,功效
不怎么起泡沫,负面,0,0,1,使用体验
不拉眼,正面,1,0,0,使用体验
不持妆,负面,0,0,1,使用体验
不推荐,负面,0,0,1,整体
不敏感,正面,1,0,0,使用体验
不敢恭维,负面,0,0,1,服务
不敢用,负面,0,0,1,整体
不是太好,负面,0,0,1,功效
不是太完美,负面,0,0,1,整体
不是太干净,负面,0,0,1,功效
不是太明显,负面,0,0,1,功效
不是很值,负面,0,0,1,价格
不是很喜欢,负面,0,0,4,气味
不是很够,负面,0,0,1,功效
不是很好,负面,1,0,5,功效
不是很好吸收,正面,1,0,0,使用体验
不是很好用,负面,0,0,6,整体
不是很好闻,负面,0,0,1,气味
不是很干净,负面,0,0,1,功效
不是很滋润,负面,0,0,1,使用体验
不是很白,负面,0,0,1,功效
不是很足,负面,0,0,1,成分
不是很适合,负面,0,0,1,整体
不是很遮瑕,负面,0,0,1,功效
不是新的,负面,0,0,1,新鲜度
不是正品,负面,0,0,4,真伪
不是特别好,负面,0,0,1,使用体验
不是特别显白,正面,1,0,0,功效
不是特别油,正面,1,0,0,使用体验
不是特别油腻,正面,1,0,0,使用体验
不是特别白,正面,1,0,0,功效
不是那么水润,负面,0,0,1,使用体验
不是那么白,正面,1,0,0,功效
不是那种特别厚重的百,正面,1,0,0,功效
不显白,负面,0,0,1,功效
不服帖,负面,0,0,2,使用体验
不正,负面,0,0,1,功效
不沙眼睛,正面,1,0,0,使用体验
不油,正面,9,0,0,使用体验
不油不腻,正面,1,0,0,使用体验
不油腻,正面,55,0,0,使用体验
不泛白,正面,1,0,0,功效
不浓重,正面,1,0,0,气味
不浮夸,正面,1,0,0,功效
不浮粉,正面,4,0,0,使用体验
不清楚,中性,0,1,0,功效
不滋润,负面,0,0,1,功效
不爽,负面,0,0,1,价格
不痒,正面,1,0,0,使用体验
不知道是不是正品,中性,0,4,0,真伪
不知道真假,中性,0,1,0,真伪
不算太贵,正面,1,0,0,价格
不算贵,正面,1,0,0,价格
不算高,正面,1,0,0,价格
不粘,正面,1,0,0,使用体验
不粘稠,正面,1,0,0,使用体验
不紧崩,正面,1,0,0,使用体验
不紧绷,正面,27,0,0,使用体验
不给力,负面,0,0,1,价格
不能用,负面,0,0,1,整体
不脱妆,正面,2,0,0,使用体验
不腻,正面,1,0,0,使用体验
不蜕皮,正面,1,0,0,使用体验
不行,负面,0,0,2,包装
不规整,负面,0,0,2,尺寸
不觉得油腻,正面,1,0,0,使用体验
不解决,负面,0,0,1,服务
不贴,负面,0,0,1,使用体验
不贴合,负面,0,0,1,使用体验
不贵,正面,13,0,0,价格
不起干皮,正面,1,0,0,使用体验
不起皮,正面,1,0,0,使用体验
不足四年,负面,0,0,1,新鲜度
不跑妆,正面,1,0,0,使用体验
不过敏,正面,11,0,0,使用体验
不适合,负面,0,0,3,功效
不适应,负面,0,0,1,气味
不遮眼睛,正面,1,0,0,使用体验
不错,正面,443,1,0,整体
不错不错,正面,1,0,0,整体
不错哦,正面,3,0,0,整体
不错的,正面,8,0,0,整体
不长闭合,正面,1,0,0,使用体验
不高,正面,2,0,0,价格
不黏不腻,正面,1,0,0,使用体验
不黏糊糊,正面,1,0,0,使用体验
专业,正面,1,0,0,物流
东西少了,负面,0,0,1,其他
丝润,正面,1,0,0,使用体验
丝薄,正面,1,0,0,使用体验
严实,正面,3,0,0,包装
中空的,负面,0,0,1,物流
丰富,正面,4,0,0,使用体验
也不好使,负面,0,0,1,整体
也很好,正面,2,0,0,服务
也快,正面,1,0,0,物流
买的值,正面,1,0,0,价格
五分好评,正面,2,0,0,整体
五星,正面,1,0,0,整体
五星好评,正面,13,0,0,整体
亮亮的,正面,1,0,0,功效
亮白,正面,1,0,0,功效
亮肤,正面,1,0,0,功效
亲民,正面,3,0,0,价格
人很好,正面,1,0,0,物流
仔细,正面,1,0,0,包装
价廉物美,正面,2,0,0,价格
优惠,正面,11,0,0,价格
优惠多多,正面,1,0,0,价格
优惠很多,正面,1,0,0,价格
优秀,正面,1,0,0,整体
优雅,正面,1,0,0,气味
会不会过敏,中性,0,2,0,使用体验
会掉粉,负面,0,0,1,使用体验
会紧绷,负面,0,0,1,使用体验
会紧缩,负面,0,0,1,使用体验
会起脂肪粒,负面,0,0,1,使用体验
低一点,正面,1,0,0,价格
佩服,正面,1,0,0,物流
便宜,正面,68,0,0,价格
便宜一点,正面,1,0,0,价格
便宜不少,正面,1,0,0,价格
便宜了好多,正面,1,0,0,价格
便宜了很多,正面,2,0,0,价格
便宜又实惠,正面,1,0,0,价格
便宜多了,正面,1,0,0,价格
便宜太多了,正面,1,0,0,价格
便宜好多,正面,2,0,0,价格
便宜实惠,正面,3,0,0,价格
便宜很多,正面,3,0,0,价格
便宜得多,正面,1,0,0,价格
保湿,正面,18,0,0,功效
修正肤色,正面,1,0,0,功效
修饰肤色,正面,1,0,0,功效
值得信赖,正面,2,0,0,其他
值得推荐,正面,1,0,0,整体
值得点赞,正面,1,0,0,物流
假的,负面,0,0,7,真伪
假货,负面,0,0,3,真伪
偏暗,负面,0,0,1,功效
偏深,负面,0,0,1,包装
偏白,中性,0,1,0,功效
偏黄,负面,0,0,1,功效
像正品,正面,1,0,0,真伪
充足,正面,2,0,0,成分
光光的,正面,1,0,0,使用体验
光洁,正面,1,0,0,使用体验
光滑,正面,3,0,0,使用体验
再便宜点,负面,0,0,1,价格
冰冰凉凉,正面,1,0,0,使用体验
几乎没有,负面,0,0,1,成分
出乎意外的快,正面,1,0,0,物流
出奇的快,正面,1,0,0,物流
分量足,正面,1,0,0,其他
划算,正面,20,0,0,价格
划算多了,正面,1,0,0,价格
刚刚合适,正面,1,0,0,使用体验
刚好,正面,1,0,0,尺寸
别太香,中性,0,1,0,气味
到位,正面,1,0,0,价格
到家,正面,1,0,0,物流
到期,负面,0,0,1,新鲜度
刺激,负面,0,0,1,使用体验
刺激皮肤,负面,0,0,1,使用体验
刺痒,负面,0,0,1,使用体验
刺痛,负面,0,0,1,使用体验
刺鼻,负面,0,0,2,气味
卡,负面,0,0,1,使用体验
卡粉,负面,0,0,4,使用体验
卸不干净,负面,0,0,2,功效
卸不掉,负面,0,0,1,功效
卸得干净,正面,1,0,0,功效
压扁了,负面,0,0,1,包装
厚重,中性,0,1,0,使用体验
去除暗沉,正面,1,0,0,功效
又划算,正面,1,0,0,价格
又白又亮,正面,1,0,0,功效
及时,正面,2,0,0,物流
发错,负面,0,0,1,物流
变白,正面,1,0,0,功效
变白了,正面,1,0,0,功效
可以,正面,35,0,0,整体
可以哦,正面,1,0,0,整体
可以啊,正面,1,0,0,整体
可以的,正面,5,0,0,整体
可干,负面,0,0,1,使用体验
可遮瑕,正面,1,0,0,功效
合理,正面,5,0,0,价格
合算,正面,1,0,0,价格
合适,正面,10,0,0,价格
听服帖,正面,1,0,0,使用体验
听水嫩的,正面,1,0,0,使用体验
听湿润,正面,1,0,0,使用体验
吸收,正面,1,0,0,使用体验
吸收不是很好,负面,0,0,1,使用体验
周到,正面,1,0,0,服务
哑光质感,正面,1,0,0,使用体验
唯美,正面,1,0,0,使用体验
喜欢,正面,87,0,0,整体
喜欢喜欢,正面,1,0,0,整体
喜欢的,正面,1,0,0,气味
四星,正面,2,0,0,功效
均匀,正面,3,0,0,功效
均匀肤色,正面,2,0,0,功效
坏了,负面,0,0,1,包装
坏的,负面,0,0,1,包装
坑人,负面,0,0,1,整体
垃圾,负面,0,0,5,整体
增白,正面,2,0,0,功效
多,正面,11,0,0,成分
多块,正面,1,0,0,物流
多多优惠,正面,1,0,0,价格
多多促销,正面,1,0,0,价格
够快,正面,1,0,0,物流
够用了,正面,1,0,0,功效
够随意,负面,0,0,1,包装
大,正面,2,0,0,价格
大大的,中性,0,1,0,包装
大气上档次,正面,1,0,0,使用体验
大爱,正面,5,0,0,整体
大爱呀,正面,1,0,0,整体
大赞,正面,1,0,0,整体
太一般了,负面,0,0,1,整体
太不好,负面,0,0,1,功效
太不靠谱,负面,0,0,1,物流
太不靠谱了,负面,0,0,1,整体
太丑了,负面,0,0,1,包装
太假了,负面,0,0,3,整体
太划算,正面,1,0,0,价格
太划算了,正面,1,0,0,价格
太刺鼻,负面,0,0,1,气味
太厚,负面,0,0,1,其他
太合适,正面,2,0,0,整体
太合适了,正面,1,0,0,整体
太坑了,负面,0,0,1,整体
太多了,负面,0,0,1,价格
太大了,负面,0,0,1,气味
太失望了,负面,0,0,2,整体
太好,正面,1,0,0,功效
太好了,正面,2,0,0,整体
太好用了,正面,2,0,0,整体
太小,负面,0,0,3,尺寸
太少,负面,0,0,1,成分
太少了,负面,0,0,1,其他
太差,负面,0,0,1,整体
太差了,负面,0,0,4,包装
太差劲,负面,0,0,1,服务
太差劲了,正面,1,0,0,物流
太干,负面,0,0,2,使用体验
太干了,负面,0,0,2,使用体验
太快了,正面,6,0,0,物流
太慢,负面,0,0,1,服务
太慢了,负面,0,0,1,物流
太方便了,正面,1,0,0,使用体验
太棒了,正面,3,0,0,整体
太次,负面,0,0,1,包装
太浓,负面,0,0,1,气味
太白,负面,0,0,1,功效
太白了,负面,0,0,1,功效
太短,负面,0,0,1,新鲜度
太简便,负面,0,0,1,包装
太简单了,负面,0,0,1,包装
太简陋,负面,0,0,1,包装
太简陋了,负面,0,0,1,整体
太简陋了点,正面,1,0,0,包装
太给力,正面,2,0,0,物流
太给力了,正面,3,0,0,物流
太裸妆了,负面,0,0,1,使用体验
太赞了,正面,1,0,0,整体
太超值,正面,2,0,0,价格
太重,负面,0,0,1,气味
太随便了,负面,0,0,3,包装
太香了,负面,0,0,2,气味
失望,负面,0,0,2,整体
好,正面,90,0,0,整体
好一点,正面,1,0,0,整体
好上妆,正面,1,0,0,使用体验
好使,正面,1,0,0,整体
好便宜,正面,1,0,0,价格
好假,负面,0,0,1,真伪
好划算,正面,5,0,0,价格
好刺鼻,负面,0,0,1,气味
好卸妆,正面,1,0,0,功效
好合算,正面,1,0,0,价格
好吸收,正面,3,0,0,使用体验
好喜欢,正面,1,0,0,整体
好多,正面,6,0,0,价格
好多了,正面,1,0,0,整体
好好用,正面,3,0,0,整体
好好的,正面,1,0,0,整体
好实惠,正面,1,0,0,价格
好小,负面,0,0,3,尺寸
好少,负面,0,0,2,其他
好巨大,负面,0,0,1,包装
好差,负面,0,0,2,包装
好帖,正面,2,0,0,使用体验
好干,正面,1,0,0,使用体验
好干净,正面,1,0,0,使用体验
好干燥,负面,0,0,1,使用体验
好开心,正面,1,0,0,整体
好很多,正面,2,0,0,整体
好得不得了,正面,1,0,0,整体
好快,正面,8,0,0,物流
好快就到,正面,1,0,0,物流
好惊喜,正面,1,0,0,整体
好推开,正面,7,0,0,使用体验
好有分量,正面,1,0,0,价格
好有爱,正面,1,0,0,服务
好服务,正面,1,0,0,物流
好服帖,正面,1,0,0,使用体验
好极了,正面,1,0,0,整体
好没用,负面,0,0,1,整体
好洗,正面,1,0,0,使用体验
好浓,负面,0,0,1,使用体验
好清淡,正面,1,0,0,气味
好清爽,正面,1,0,0,使用体验
好用,正面,134,1,0,整体
好用爆了,正面,1,0,0,整体
好用的,正面,1,0,0,整体
好的,正面,1,0,0,整体
好的很,正面,1,0,0,整体
好的没话说,正面,1,0,0,整体
好看,正面,6,0,0,包装
好硬,负面,0,0,1,使用体验
好精致,正面,1,0,0,整体
好自然,正面,1,0,0,功效
好舒服,正面,1,0,0,使用体验
好评,正面,92,1,0,整体
好闻,正面,11,0,0,气味
好香,正面,1,0,0,气味
好，棒,正面,1,0,0,整体
好，用,正面,1,0,0,整体
妥妥的,正面,1,0,0,整体
嫌弃,负面,0,0,1,包装
嫩嫩的,正面,4,0,0,使用体验
完好,正面,7,0,0,包装
完好无损,正面,1,0,0,包装
完整,正面,6,0,0,包装
完美,正面,3,0,0,物流
实在,正面,1,0,0,价格
实惠,正面,72,0,0,价格
实用,正面,2,0,0,整体
容易上妆,正面,1,0,0,功效
容易上装,正面,1,0,0,使用体验
容易冲洗,正面,1,0,0,使用体验
容易吸收,正面,1,0,0,使用体验
容易打开,正面,1,0,0,使用体验
容易抹开,正面,1,0,0,使用体验
容易推开,正面,4,0,0,使用体验
容易油,负面,0,0,1,使用体验
容易清洁,正面,1,0,0,使用体验
对的起,正面,1,0,0,价格
小小,负面,0,0,1,尺寸
小小的,中性,0,1,0,尺寸
少,负面,0,0,2,使用体验
少了点,负面,0,0,1,其他
少的,中性,0,1,0,使用体验
尚不明显,中性,0,1,0,功效
就是好,正面,2,0,0,物流
就是快,正面,2,0,0,物流
就要过期了,负面,0,0,1,新鲜度
巨好用,正面,2,0,0,整体
差,负面,0,0,2,整体
差一些,负面,0,0,2,功效
差不多,正面,3,0,0,整体
差了很多,负面,0,0,1,整体
差劲,负面,0,0,1,包装
差死了,负面,0,0,1,整体
差的要死,负面,0,0,1,功效
差评,负面,0,0,4,整体
希望是正品,中性,0,6,0,真伪
希望满意,中性,0,1,0,整体
常快,正面,1,0,0,物流
干不干净,中性,0,1,0,功效
干净,正面,11,0,0,功效
干巴巴,负面,0,0,1,使用体验
干死了,负面,0,0,1,使用体验
干的脱皮,负面,0,0,1,使用体验
平价,正面,2,0,0,价格
平民价,正面,1,0,0,价格
应该不错,正面,2,0,0,整体
应该不错的,正面,1,0,0,整体
应该也不错,正面,1,0,0,整体
应该可以,正面,1,0,0,整体
应该挺好的,正面,1,0,0,整体
应该改进,负面,0,0,1,物流
应该是真的,正面,1,0,0,真伪
应该还可以,正面,1,0,0,整体
廉,正面,1,0,0,价格
开心,正面,1,0,0,整体
弱,负面,0,0,1,功效
强,正面,5,0,0,功效
强力推荐,正面,1,0,0,整体
强大,正面,1,0,0,物流
很一般,中性,1,2,1,功效
很不好,负面,0,0,1,整体
很不开森,负面,0,0,1,整体
很不错,正面,92,1,0,整体
很不错的,正面,2,0,0,整体
很严实,正面,1,0,0,包装
很丰富,正面,2,0,0,价格
很亮,正面,1,0,0,功效
很亲和,正面,1,0,0,使用体验
很亲民,正面,2,0,0,价格
很优惠,正面,4,0,0,价格
很便宜,正面,15,0,0,价格
很保水,正面,1,0,0,功效
很保湿,正面,8,0,0,功效
很修复,正面,1,0,0,功效
很值,正面,2,0,0,价格
很充足,正面,1,0,0,成分
很光滑,正面,3,0,0,使用体验
很准时,正面,1,0,0,物流
很划来,正面,1,0,0,价格
很划算,正面,55,0,0,价格
很划算的,正面,1,0,0,价格
很到位,正面,1,0,0,包装
很去油,正面,1,0,0,使用体验
很可以,正面,1,0,0,整体
很可爱,正面,2,0,0,整体
很合理,正面,1,0,0,价格
很合适,正面,7,0,0,价格
很喜欢,正面,115,0,0,整体
很喜欢用,正面,1,0,0,整体
很均匀,正面,2,0,0,使用体验
很垃圾,负面,0,0,1,整体
很多,正面,31,0,0,成分
很多泡泡,正面,1,0,0,使用体验
很大,正面,2,0,0,价格
很大气,正面,2,0,0,包装
很好,正面,328,1,0,整体
很好吸收,正面,4,0,0,使用体验
很好推开,正面,7,0,0,使用体验
很好涂开,正面,1,0,0,使用体验
很好涂抹,正面,2,0,0,使用体验
很好用,正面,206,0,0,整体
很好的,正面,3,0,0,整体
很好看,正面,4,0,0,包装
很好闻,正面,23,0,0,气味
很安全,正面,2,0,0,成分
很实在,正面,2,0,0,价格
很实惠,正面,31,0,0,价格
很实用,正面,1,0,0,整体
很容易,正面,1,0,0,功效
很容易掉粉,负面,0,0,1,使用体验
很小,负面,0,0,2,尺寸
很少,负面,0,0,4,使用体验
很帮,正面,1,0,0,其他
很常满意,正面,1,0,0,整体
很干,负面,0,0,5,使用体验
很干净,正面,17,0,0,功效
很平整,正面,1,0,0,使用体验
很开心,正面,1,0,0,整体
很强,正面,2,0,0,功效
很彻底,正面,1,0,0,功效
很很用的,正面,1,0,0,整体
很心塞,负面,0,0,1,价格
很忧伤,负面,0,0,1,整体
很快,正面,133,0,0,物流
很快的,正面,1,0,0,物流
很惊喜,正面,1,0,0,价格
很持久,正面,1,0,0,功效
很持妆,正面,1,0,0,功效
很接近肤色,正面,1,0,0,功效
很控油,正面,1,0,0,功效
很提亮肤色,正面,2,0,0,功效
很提肤色,正面,1,0,0,功效
很放心,正面,1,0,0,整体
很敬业,正面,1,0,0,物流
很方便,正面,11,0,0,整体
很方便的,正面,1,0,0,其他
很旧,负面,0,0,2,包装
很明显,正面,2,0,1,功效
很是划算,正面,1,0,0,价格
很是给力,正面,1,0,0,物流
很显白,正面,3,0,0,功效
很有新意,正面,1,0,0,使用体验
很有用,正面,1,0,0,整体
很有耐心,正面,1,0,0,服务
很服帖,正面,25,0,0,使用体验
很服贴,正面,1,0,0,使用体验
很柔暖,正面,1,0,0,使用体验
很柔滑,正面,1,0,0,使用体验
很棒,正面,10,0,0,整体
很棒了,正面,1,0,0,整体
很正,正面,1,0,0,功效
很气人,负面,0,0,1,物流
很水,正面,2,0,0,使用体验
很水嫩,正面,1,0,0,使用体验
很水润,正面,19,0,0,使用体验
很润,正面,7,0,0,使用体验
很清新,正面,1,0,0,气味
很清爽,正面,23,0,0,使用体验
很清爽保湿,正面,1,0,0,使用体验
很清爽舒服,正面,1,0,0,使用体验
很温和,正面,16,0,0,使用体验
很湿润,正面,1,0,0,使用体验
很滋养,正面,1,0,0,使用体验
很滋润,正面,19,0,0,使用体验
很滑,正面,2,0,1,使用体验
很滑嫩,正面,1,0,0,使用体验
很满意,正面,43,0,0,整体
很满足,正面,1,0,0,整体
很漂亮,正面,8,0,0,包装
很烂,负面,0,0,1,整体
很热情,正面,2,0,0,物流
很熟悉,正面,1,0,0,气味
很熟服,正面,1,0,0,使用体验
很爽,正面,1,0,0,使用体验
很白,正面,4,0,0,功效
很硬,负面,0,0,1,使用体验
很礼貌,正面,1,0,0,物流
很稀,负面,0,0,1,其他
很简陋,正面,1,0,0,包装
很粘,负面,0,0,1,使用体验
很精美,正面,2,0,0,包装
很紧密,正面,1,0,0,包装
很细,正面,3,0,0,使用体验
很细心,正面,3,0,0,包装
很细腻,正面,10,0,0,使用体验
很给力,正面,23,0,0,物流
很美丽,正面,1,0,0,价格
很耐心,正面,1,0,0,服务
很自然,正面,26,0,0,功效
很舒服,正面,41,2,0,使用体验
很舒适,正面,1,0,0,使用体验
很薄,正面,6,0,1,使用体验
很补水,正面,11,0,0,功效
很衬肤色,正面,1,0,0,功效
很讨厌,负面,0,0,1,整体
很负责,正面,1,0,0,物流
很贴,正面,2,0,0,使用体验
很贴合肤色,正面,1,0,0,使用体验
很贴心,正面,1,0,0,包装
很贴皮肤,正面,2,0,0,使用体验
很贴肤,正面,1,0,0,使用体验
很贴脸,正面,1,0,0,使用体验
很赞,正面,4,0,0,整体
很超值,正面,2,0,0,价格
很轻薄,正面,3,0,0,使用体验
很轻薄透亮,正面,1,0,0,使用体验
很迷你,正面,1,0,0,包装
很适合,正面,10,0,0,整体
很透,正面,1,0,0,使用体验
很速度,正面,1,0,0,物流
很香,正面,10,0,0,气味
很高,正面,9,0,0,价格
很高兴,正面,1,0,0,整体
很高大上,正面,1,0,0,整体
很高大尚,正面,1,0,0,包装
微微一点白,正面,1,0,0,功效
忒简单,负面,0,0,1,包装
快,正面,98,0,0,物流
快捷,正面,2,0,0,其他
快要过期,负面,0,0,1,新鲜度
快速,正面,2,0,0,物流
怪怪的,负面,0,0,2,气味
总体满意,正面,1,0,0,整体
感觉不错,正面,1,0,0,整体
感觉不高,负面,0,0,1,整体
慢死,负面,0,0,1,物流
投诉,负面,0,0,1,物流
抹不开,负面,0,0,1,使用体验
持久,正面,1,0,0,使用体验
挺ok的,正面,1,0,0,使用体验
挺上色,正面,1,0,0,功效
挺不错,正面,11,0,0,整体
挺不错的,正面,20,0,0,整体
挺亮白的,正面,1,0,0,功效
挺优惠的,正面,3,0,0,价格
挺便宜,正面,3,0,0,价格
挺便宜的,正面,2,0,0,价格
挺保湿,正面,3,0,0,功效
挺保湿的,正面,3,0,0,功效
挺划算,正面,1,0,0,价格
挺划算的,正面,5,0,0,价格
挺可以,正面,1,0,0,功效
挺合适,正面,2,0,0,包装
挺合适的,正面,1,0,0,整体
挺喜欢,正面,4,0,0,整体
挺喜欢用的,正面,1,0,0,整体
挺喜欢的,正面,4,0,0,整体
挺多多的,正面,1,0,0,成分
挺多的,正面,6,0,0,成分
挺好,正面,52,0,0,整体
挺好上妆,正面,1,0,0,功效
挺好了,正面,1,0,0,整体
挺好吸收,正面,2,0,0,使用体验
挺好用,正面,27,0,0,整体
挺好用的,正面,85,0,0,整体
挺好的,正面,134,1,0,整体
挺好看的,正面,1,0,0,包装
挺好闻的,正面,4,0,0,气味
挺实惠,正面,7,0,0,价格
挺实惠的,正面,6,0,0,价格
挺小只,正面,1,0,0,尺寸
挺小的,负面,0,0,1,尺寸
挺干净,正面,5,0,0,功效
挺干净的,正面,3,0,0,功效
挺干燥的,负面,0,0,1,使用体验
挺干的,负面,0,0,1,使用体验
挺快,正面,7,0,0,物流
挺快的,正面,10,0,0,物流
挺显白的,正面,1,0,0,使用体验
挺服帖,正面,2,0,0,使用体验
挺服帖的,正面,2,0,0,使用体验
挺水润,正面,1,0,0,使用体验
挺水润的,正面,5,0,0,使用体验
挺油腻,负面,0,0,1,使用体验
挺流的,正面,1,0,0,整体
挺润的,正面,2,0,0,使用体验
挺淡,正面,1,0,0,气味
挺清淡的,正面,1,0,0,气味
挺清爽的,正面,2,0,0,使用体验
挺温和,正面,2,0,0,使用体验
挺温和的,正面,6,0,0,使用体验
挺湿润,正面,1,0,0,使用体验
挺湿润的,正面,1,0,0,使用体验
挺滋润,正面,3,0,0,使用体验
挺滋润的,正面,4,0,0,使用体验
挺滋润补水的,正面,1,0,0,使用体验
挺满意,正面,1,0,0,整体
挺满意的,正面,3,0,0,整体
挺漂亮的,正面,1,0,0,整体
挺环保,正面,1,0,0,其他
挺精致,正面,1,0,0,包装
挺细腻,正面,1,0,0,使用体验
挺细腻的,正面,2,0,0,使用体验
挺给力,正面,1,0,0,物流
挺自然,正面,2,0,0,使用体验
挺自然的,正面,2,0,0,功效
挺舒服,正面,3,0,0,整体
挺舒服的,正面,3,0,0,使用体验
挺薄,正面,1,0,0,使用体验
挺薄的,正面,2,0,0,使用体验
挺补水,正面,2,0,0,功效
挺补水的,正面,6,0,0,功效
挺超值的,正面,1,0,0,价格
挺足的,正面,1,0,0,成分
挺轻薄的,正面,1,0,0,使用体验
挺迅速的,正面,1,0,0,物流
挺适合,正面,3,0,0,整体
挺通透的,正面,1,0,0,使用体验
挺遮瑕,正面,1,0,0,功效
挺香的,正面,1,0,0,气味
挺麻烦的,负面,0,0,1,服务
掉皮,负面,0,0,1,使用体验
掉粉,负面,0,0,1,使用体验
接近肤色,正面,1,0,0,功效
提亮,正面,2,0,0,功效
提亮偏黄的肤色,正面,1,0,0,功效
提亮肤色,正面,10,0,0,功效
提好用,正面,1,0,0,整体
提好的,正面,1,0,0,整体
搓泥,负面,0,0,1,使用体验
搓泥了,负面,0,0,1,使用体验
支持,正面,1,0,0,整体
收缩毛孔,正面,2,0,0,功效
改善肤色,正面,1,0,0,功效
放心,正面,1,0,0,整体
效果不是很明显,负面,0,0,1,整体
效果好,正面,1,0,0,整体
效果明显,正面,1,0,0,整体
效率超级高,正面,1,0,0,物流
敷衍了事,负面,0,0,2,服务
新,正面,1,0,0,包装
新款,正面,2,0,0,包装
新鲜,正面,1,0,0,新鲜度
方便,正面,12,0,0,使用体验
无异常,正面,1,0,0,整体
无异常不适,正面,1,0,0,使用体验
无比的高大上,正面,1,0,0,整体
无紧绷感,正面,1,0,0,使用体验
无负担,正面,1,0,0,功效
明显,正面,1,0,0,功效
易吸收,正面,2,0,0,使用体验
易推开,正面,1,0,0,使用体验
易涂开,正面,1,0,0,使用体验
是不是正品,中性,0,1,0,真伪
是不是真品,中性,0,1,0,真伪
是假,负面,0,0,1,功效
是假货,负面,0,0,2,真伪
是次品,负面,0,0,1,其他
是正品,正面,79,1,0,真伪
是真,正面,1,0,0,功效
是真东西,正面,1,0,0,真伪
是真品,正面,3,0,0,真伪
显得皮肤很白,正面,1,0,0,功效
显白,正面,6,0,0,功效
显肤色,正面,1,0,0,功效
更优惠,正面,1,0,0,价格
更好,正面,1,0,0,整体
更滋润,正面,1,0,0,使用体验
更滑,正面,1,0,0,使用体验
最合适,正面,1,0,0,价格
最喜欢,正面,2,0,0,整体
最喜欢的,正面,1,0,0,整体
最垃圾,负面,0,0,2,整体
最好用,正面,2,0,0,整体
最实惠,正面,1,0,0,价格
最实汇的,正面,1,0,0,价格
最差,负面,0,0,2,整体
最差的,负面,0,0,1,整体
有一定的,正面,1,0,0,功效
有一点提亮肤色,正面,1,0,0,功效
有一点点干,中性,0,1,0,使用体验
有一点点痒,负面,0,0,1,使用体验
有一点点白,中性,0,1,0,功效
有一点白,中性,0,1,0,功效
有些失望,负面,0,0,1,整体
有些干,负面,0,0,1,使用体验
有些油,负面,0,0,1,使用体验
有些粘腻,负面,0,0,1,使用体验
有些黏腻,负面,0,0,1,使用体验
有优势,正面,1,0,0,价格
有保湿效果,正面,1,0,0,功效
有光泽,正面,1,0,0,功效
有提亮,正面,1,0,0,功效
有提亮的效果,正面,1,0,0,功效
有档次,正面,1,0,0,包装
有泡沫,正面,1,0,0,使用体验
有淡斑效果,正面,1,0,0,功效
有点假白,负面,0,0,1,功效
有点儿掉妆,负面,0,0,1,使用体验
有点刺鼻,负面,0,0,1,气味
有点卡粉,负面,0,0,3,使用体验
有点厚重,中性,0,1,0,使用体验
有点发干,负面,0,0,1,使用体验
有点味道,负面,0,0,2,气味
有点坑,负面,0,0,1,物流
有点多,负面,0,0,1,使用体验
有点大,负面,0,0,1,气味
有点太香,负面,0,0,1,气味
有点失望,负面,0,0,3,整体
有点小,负面,0,1,2,尺寸
有点小贵,负面,0,0,4,价格
有点少,负面,0,0,1,尺寸
有点干,负面,0,0,12,使用体验
有点慢,正面,2,0,1,物流
有点暗,正面,1,0,0,功效
有点油,负面,1,1,2,使用体验
有点滑,中性,0,1,0,使用体验
有点滑滑的,中性,0,1,0,使用体验
有点火辣辣的,负面,0,0,1,使用体验
有点点,中性,0,1,0,气味
有点点油,负面,0,0,1,使用体验
有点点膳,负面,0,0,1,气味
有点点过敏,负面,0,0,1,使用体验
有点疼,负面,0,0,1,使用体验
有点痒,负面,0,0,1,使用体验
有点白,中性,1,2,2,功效
有点硬,负面,0,0,1,使用体验
有点稠,中性,0,1,0,使用体验
有点简陋,负面,0,0,1,包装
有点紧绷,负面,0,0,1,使用体验
有点胶味,负面,0,0,1,气味
有点脱皮,正面,1,0,0,使用体验
有点薄,负面,0,0,1,使用体验
有点香,正面,1,0,1,气味
有点麻烦,负面,0,0,1,使用体验
有点黏,负面,0,0,1,使用体验
有点黏黏,中性,0,1,0,使用体验
有点黑,负面,0,0,1,功效
有美白效果,正面,1,0,0,功效
有香味,正面,1,0,1,气味
服帖,正面,13,0,0,使用体验
服贴,正面,1,0,0,使用体验
杠杠滴,正面,3,0,0,功效
杠杠的,正面,5,0,0,整体
松的,正面,1,0,0,包装
极差,负面,0,0,2,服务
柔软,正面,2,0,0,使用体验
棒,正面,3,0,0,物流
棒极了,正面,1,0,0,整体
棒棒,正面,1,0,0,整体
棒棒哒,正面,23,0,0,整体
棒棒的,正面,3,0,0,整体
欺骗,负面,0,0,1,服务
欺骗顾客,负面,0,0,1,整体
正,正面,1,0,0,其他
正不正品,中性,0,1,0,真伪
正合适,正面,1,0,0,功效
正品,正面,38,0,1,真伪
正品保证,正面,1,0,0,真伪
正好,正面,2,0,0,功效
比想像的要好,正面,1,0,0,功效
比较丰富,正面,1,0,0,成分
比较优惠,正面,2,0,0,价格
比较保湿,正面,2,0,0,功效
比较信得过,正面,1,0,0,整体
比较划算,正面,3,0,0,价格
比较厉害,负面,0,0,1,使用体验
比较厚重,中性,0,2,0,使用体验
比较合适,正面,1,0,0,整体
比较喜欢,正面,2,0,0,整体
比较均匀,正面,1,0,0,功效
比较多,正面,1,0,0,成分
比较好,正面,5,0,0,使用体验
比较好推开,正面,1,0,0,使用体验
比较好携带,正面,1,0,0,包装
比较好涂开,正面,1,0,0,使用体验
比较好用,正面,6,0,0,整体
比较好看,正面,1,0,0,功效
比较实惠,正面,1,0,0,价格
比较少,负面,0,0,1,其他
比较干,负面,0,1,1,使用体验
比较干净,正面,2,0,0,功效
比较快,正面,2,0,0,物流
比较慢,负面,0,0,1,物流
比较方便,正面,1,0,0,使用体验
比较旧,负面,0,0,1,新鲜度
比较显白,正面,1,0,0,功效
比较有气色,正面,1,0,0,使用体验
比较服帖,正面,2,0,0,使用体验
比较水润,正面,1,0,0,使用体验
比较油,负面,0,0,1,使用体验
比较油腻,负面,0,0,1,使用体验
比较浓郁,负面,0,0,1,气味
比较清爽,正面,2,0,0,使用体验
比较温和,正面,3,0,0,使用体验
比较滋润,正面,2,0,0,使用体验
比较满意,正面,4,0,0,整体
比较硬,负面,0,0,1,包装
比较自然,正面,3,0,0,功效
比较补水,正面,1,0,0,功效
比较贴合,正面,1,0,0,使用体验
比较费,负面,0,0,1,价格
比较赞的,正面,1,0,0,整体
比较轻薄,正面,1,0,0,使用体验
比较近,负面,0,0,1,新鲜度
比较适合,正面,2,0,0,整体
比较重,负面,0,0,1,气味
比较高,正面,2,0,0,价格
气色很好,正面,1,0,0,使用体验
水份多多,正面,1,0,0,使用体验
水份很多,正面,1,0,0,使用体验
水分还可以,正面,1,0,0,使用体验
水嫩,正面,1,0,0,使用体验
水嫩嫩的,正面,1,0,0,使用体验
水嫩的,正面,1,0,0,使用体验
水水嫩嫩的,正面,5,0,0,使用体验
水水润润,正面,2,0,0,使用体验
水水润润的,正面,2,0,0,使用体验
水水的,正面,7,0,0,使用体验
水润,正面,10,0,0,使用体验
水润润的,正面,2,0,0,使用体验
水润皮肤,正面,1,0,0,使用体验
水漏了,负面,0,0,1,包装
水灵灵,正面,1,0,0,使用体验
没,负面,0,0,2,价格
没什么,负面,0,0,1,使用体验
没什么突出的,中性,0,1,0,功效
没什么过敏,正面,1,0,0,使用体验
没什么问题,正面,1,0,0,功效
没以前好用,负面,0,0,1,整体
没得说,正面,2,0,0,物流
没心情了,负面,0,0,1,包装
没感觉到,负面,0,0,1,功效
没收到,正面,1,0,0,价格
没有,负面,1,0,9,包装
没有人理会,负面,0,0,1,服务
没有什么不良反应,正面,1,0,0,使用体验
没有介绍的那么遮盖红血丝,负面,0,0,1,功效
没有便宜很多,负面,0,0,1,价格
没有免邮券,负面,0,0,1,价格
没有出现过敏,正面,1,0,0,使用体验
没有刺激感,正面,1,0,0,使用体验
没有原来美好,中性,0,1,0,价格
没有多大效果,中性,0,1,0,整体
没有多少,负面,0,0,1,成分
没有太大感觉,负面,0,0,1,功效
没有密封口,负面,0,0,1,包装
没有干粉,正面,1,0,0,使用体验
没有感觉,负面,0,0,1,功效
没有损坏,正面,1,0,0,包装
没有浮粉,正面,2,0,0,使用体验
没有破损,正面,3,0,0,包装
没有紧绷感,正面,4,0,0,使用体验
没有美白,中性,0,1,0,功效
没有说的那么保湿,负面,0,0,1,功效
没有过敏,正面,5,0,0,使用体验
没有过敏不适,正面,1,0,0,使用体验
没有过敏反应,正面,1,0,0,使用体验
没有过敏现象,正面,1,0,0,使用体验
没有那么强,正面,1,0,0,功效
没有那么润,负面,0,0,1,使用体验
没毛病,正面,3,0,0,整体
没洗干净,负面,0,0,1,使用体验
没用,负面,0,0,1,整体
没看出来,中性,0,1,0,功效
没让人失望,正面,1,0,0,整体
没话说,正面,2,0,0,物流
没过敏,正面,1,0,0,使用体验
没那么好用,负面,0,0,1,整体
没错,正面,1,0,0,气味
没问题,正面,2,0,0,功效
油,负面,0,0,2,使用体验
油亮亮的,负面,0,0,1,使用体验
油亮油亮,负面,0,0,1,使用体验
油而不腻,正面,1,0,0,使用体验
油腻腻的,负面,0,0,1,使用体验
泛油光,中性,0,1,0,使用体验
泛白,负面,0,0,1,使用体验
泡泡多,正面,1,0,0,使用体验
洗不净,负面,0,0,3,使用体验
洗不干净,负面,0,0,1,功效
洗干净,正面,1,0,0,功效
洗得干净,正面,1,0,0,功效
洗的干净,正面,1,0,0,功效
活动价,正面,1,0,0,价格
浓浓的,负面,0,0,1,气味
浪费钱,负面,0,0,1,整体
浮了,负面,0,0,1,使用体验
浮粉,负面,1,0,4,使用体验
涂抹均匀,正面,1,0,0,使用体验
消下去,正面,1,0,0,使用体验
润,正面,1,0,0,使用体验
润泽,正面,1,0,0,使用体验
润润的,正面,4,0,0,使用体验
润色效果,正面,1,0,0,功效
淡淡得,正面,1,0,0,气味
淡淡的,正面,25,1,0,气味
淡淡的清香,正面,1,0,0,气味
淡淡的香味,正面,2,0,0,气味
清凉,正面,2,0,0,使用体验
清新,正面,4,0,0,气味
清洁,正面,3,0,0,功效
清清爽爽的,正面,1,0,0,使用体验
清澈,正面,1,0,0,使用体验
清爽,正面,9,0,0,使用体验
清爽爽的,正面,1,0,0,使用体验
清薄,正面,1,0,0,使用体验
清透,正面,2,0,0,使用体验
清香,正面,3,0,0,气味
清香型,正面,1,0,0,气味
渣货,负面,0,0,1,整体
温和,正面,7,0,0,使用体验
温和不刺激,正面,2,0,0,使用体验
温和性的,正面,1,0,0,使用体验
温和的,正面,1,0,0,使用体验
湿润,正面,4,0,0,使用体验
湿湿润润的,正面,1,0,0,使用体验
滋润,正面,14,0,0,使用体验
滑滑的,正面,15,0,2,使用体验
满分,正面,2,0,0,整体
满喜欢的,正面,1,0,0,整体
满好的,正面,1,0,0,功效
满意,正面,28,0,0,整体
满水润的,正面,1,0,0,使用体验
满满,正面,1,0,0,成分
漂亮,正面,4,0,0,包装
漏了,负面,0,0,1,包装
漏水,负面,0,0,1,包装
炒鸡划算,正面,1,0,0,价格
炒鸡棒棒,正面,1,0,0,整体
点个赞,正面,1,0,0,物流
点赞,正面,7,0,0,物流
烂东西,负面,0,0,1,整体
热心,正面,2,0,0,服务
爱不释手,正面,1,0,0,整体
爽,正面,1,0,0,整体
物有所值,正面,7,0,0,整体
物美价廉,正面,40,0,0,价格
物超所值,正面,6,0,0,整体
特价,正面,1,0,0,价格
特划算,正面,1,0,0,价格
特别不愉快,负面,0,0,1,服务
特别便宜,正面,1,0,0,价格
特别合算,正面,2,0,0,价格
特别喜欢,正面,6,0,0,整体
特别多,正面,4,0,0,成分
特别好,正面,26,0,0,功效
特别好用,正面,15,0,0,整体
特别好闻,正面,1,0,0,气味
特别实惠,正面,3,0,0,价格
特别少,负面,0,0,1,其他
特别干净,正面,1,0,0,功效
特别快,正面,10,0,0,物流
特别服帖,正面,1,0,0,使用体验
特别棒,正面,1,0,0,功效
特别水嫩,正面,1,0,0,使用体验
特别水润,正面,1,0,0,使用体验
特别油油,负面,0,0,1,使用体验
特别温和,正面,3,0,0,使用体验
特别湿润,正面,1,0,0,使用体验
特别滋润,正面,3,0,0,使用体验
特别满意,正面,1,0,0,整体
特别特别划算,正面,1,0,0,价格
特别特别给力,正面,1,0,0,物流
特别的好,正面,2,0,0,整体
特别的好用,正面,1,0,0,整体
特别的干,负面,0,0,1,使用体验
特别细腻,正面,1,0,0,使用体验
特别给力,正面,2,0,0,物流
特别自然,正面,2,0,0,功效
特别舒服,正面,1,0,0,使用体验
特别薄,正面,1,0,0,使用体验
特别补水,正面,2,0,0,功效
特别软,中性,0,1,0,包装
特喜欢,正面,2,0,0,整体
特好,正面,1,0,0,功效
甜美,正面,1,0,0,气味
用着好,正面,1,0,0,整体
用着很好,正面,1,0,0,整体
用着舒服,正面,1,0,0,使用体验
用量少,正面,1,0,0,使用体验
略带香味,正面,1,0,0,气味
痒,负面,0,0,2,使用体验
白,正面,1,0,0,功效
白了一个度,正面,1,0,0,功效
白了一点点,中性,0,1,0,功效
白嫩,正面,1,0,0,使用体验
白白嫩嫩的,正面,1,0,0,使用体验
白白的,正面,1,0,0,功效
白白透透的,正面,1,0,0,功效
白的不自然,负面,0,0,1,功效
白的很自然,正面,1,0,0,功效
白的自然,正面,3,0,0,功效
白皙,正面,2,0,0,功效
皮肤亮亮的,正面,1,0,0,功效
皮肤亮白,正面,1,0,0,功效
相似,正面,1,0,0,气味
相当不错,正面,2,0,0,整体
相当实惠,正面,1,0,0,价格
相当的便宜,正面,1,0,0,价格
相当的满意,正面,1,0,0,服务
省钱,正面,1,0,0,价格
看起来不错,正面,1,0,0,整体
真不是盖的,正面,1,0,0,物流
真不错,正面,4,0,0,整体
真品,正面,1,0,0,真伪
真品牌,正面,1,0,0,真伪
真喜欢,正面,1,0,0,整体
真好,正面,1,0,0,物流
真实,正面,1,0,0,功效
真心不好用,负面,0,0,1,整体
真心不错,正面,8,0,0,整体
真心划算,正面,1,0,0,价格
真心好用,正面,2,0,0,整体
真快,正面,4,0,0,物流
真是快,正面,1,0,0,物流
真是神速,正面,1,0,0,物流
真没看出来,负面,0,0,1,功效
真的,正面,1,0,0,真伪
真的不错,正面,5,0,0,整体
真的优惠,正面,1,0,0,价格
真的可以,正面,1,0,0,功效
真的好,正面,2,0,0,功效
真的好用,正面,6,0,0,整体
真的很一般,负面,0,0,1,整体
真的很不错,正面,2,0,0,整体
真的很好,正面,3,0,0,整体
真的很快,正面,2,0,0,物流
真的很快呀,正面,1,0,0,物流
真的很耐斯,正面,1,0,0,整体
真的忙,负面,0,0,1,服务
真的快,正面,1,0,0,物流
真高,正面,1,0,0,价格
破了,负面,0,0,2,包装
确实不错,正面,2,0,0,整体
确实很好,正面,1,0,0,整体
确实挺白的,正面,1,0,0,功效
碎了,负面,0,0,1,物流
神速,正面,5,0,0,物流
稍微偏硬,负面,0,0,1,使用体验
稍微干燥,负面,0,0,1,使用体验
稍微暗一点,负面,0,0,1,功效
稍微有点干,中性,0,1,0,使用体验
稍微有点提亮,负面,0,0,1,功效
稍微白一点,中性,0,1,0,包装
稍微过敏,负面,0,0,1,使用体验
简陋,负面,0,0,2,包装
粉浮着,中性,0,1,0,使用体验
粉粉的,正面,2,0,0,包装
粗糙,负面,0,0,1,包装
粘稠,正面,1,0,0,使用体验
粘稠些,正面,1,0,0,使用体验
精美,正面,7,0,0,包装
精致,正面,1,0,0,包装
红肿,负面,0,0,1,使用体验
细,正面,1,0,0,使用体验
细滑,正面,1,0,0,使用体验
细腻,正面,17,0,0,使用体验
细致,正面,1,0,0,使用体验
经济,正面,7,0,0,价格
经济又实惠,正面,1,0,0,价格
经济实惠,正面,1,0,0,价格
给个好评,正面,1,0,0,物流
给个赞,正面,1,0,0,整体
给了,正面,1,0,0,物流
给力,正面,18,0,0,物流
给赞,正面,1,0,0,整体
绝对正品,正面,2,0,0,真伪
美丽,正面,2,0,0,价格
美白,正面,5,0,0,功效
美美哒,正面,6,0,0,整体
美美的,正面,2,0,0,整体
老搓泥,负面,0,0,1,使用体验
耐心,正面,1,0,0,服务
肤色好好,正面,1,0,0,使用体验
肤色很亮,正面,1,0,0,功效
能修复皮肤,正面,1,0,0,功效
能接受,正面,3,0,0,价格
能遮暇,正面,1,0,0,功效
自然,正面,21,0,0,功效
自然白,正面,1,0,0,功效
自然美,正面,1,0,0,功效
舒服,正面,1,0,0,使用体验
良好,正面,1,0,0,整体
薄,正面,1,0,0,使用体验
薄点,正面,1,0,0,使用体验
薄薄的,正面,3,0,0,使用体验
薄透,正面,2,0,0,使用体验
蛮不错,正面,1,0,0,整体
蛮不错的,正面,2,0,0,整体
蛮喜欢的,正面,1,0,0,整体
蛮多,正面,1,0,0,成分
蛮多的,正面,1,0,0,其他
蛮好,正面,4,0,0,整体
蛮好用,正面,2,0,0,整体
蛮好用的,正面,3,0,0,整体
蛮好的,正面,7,0,0,整体
蛮好闻,正面,1,0,0,气味
蛮快的,正面,1,0,0,物流
蛮白的,正面,1,0,0,功效
蛮自然的,正面,1,0,0,功效
蛮补水的,正面,1,0,0,功效
蛮轻薄的,正面,2,0,0,使用体验
补水,正面,14,0,0,功效
补水多了,正面,1,0,0,功效
补水的,正面,1,0,0,功效
补湿,正面,1,0,0,功效
补补水,正面,1,0,0,功效
被骗了,负面,0,0,1,整体
要低得多,正面,1,0,0,价格
调节肤色,正面,1,0,0,功效
货真价值,正面,1,0,0,整体
货真价实,正面,1,0,0,整体
质优价廉,正面,1,0,0,价格
贴个面部,正面,1,0,0,使用体验
贴合皮肤,正面,1,0,0,使用体验
贴肤,正面,1,0,0,使用体验
贴装,正面,1,0,0,使用体验
贵,负面,0,0,1,价格
贵了,负面,0,0,1,价格
赞,正面,11,0,0,整体
赞一下,正面,2,0,0,整体
赞一个,正面,2,0,0,整体
赞赞,中性,0,1,0,整体
起痘,负面,0,0,1,使用体验
起皮,负面,0,0,2,使用体验
超值,正面,5,0,0,价格
超值的,正面,2,0,0,价格
超出预期,正面,1,0,0,整体
超划算,正面,2,0,0,价格
超合算,正面,1,0,0,价格
超喜欢,正面,8,0,0,整体
超喜欢的,正面,2,0,0,整体
超好,正面,3,0,0,功效
超好用,正面,8,0,0,整体
超实惠,正面,1,0,0,价格
超快,正面,20,0,0,物流
超快的,正面,1,0,0,物流
超极好,正面,1,0,0,整体
超水润,正面,1,0,0,使用体验
超清爽的,正面,1,0,0,使用体验
超满意,正面,1,0,0,整体
超神速,正面,1,0,0,物流
超级优惠,正面,1,0,0,价格
超级值得,正面,1,0,0,价格
超级划算,正面,9,0,0,价格
超级合适,正面,1,0,0,价格
超级喜欢,正面,10,0,0,整体
超级多,正面,1,0,0,整体
超级好,正面,5,0,0,整体
超级好用,正面,19,0,0,整体
超级实惠,正面,1,0,0,价格
超级差,负面,0,0,2,使用体验
超级快,正面,5,0,0,物流
超级服帖,正面,3,0,0,使用体验
超级棒,正面,2,0,0,服务
超级滋润,正面,1,0,0,使用体验
超级满意,正面,1,0,0,整体
超级给力,正面,2,0,0,物流
超级补水,正面,3,0,0,功效
超级速度,正面,1,0,0,物流
超级难用,负面,0,0,1,整体
超补水,正面,3,0,0,功效
超赞,正面,4,0,0,整体
超足,正面,1,0,0,使用体验
越来越高了,负面,0,0,1,价格
足,正面,2,0,0,成分
跟强,正面,1,0,0,功效
跟服帖,正面,1,0,0,使用体验
跟舒服,正面,1,0,0,整体
跟补水,正面,1,0,0,功效
轻微酒精味,中性,0,1,0,气味
轻薄,正面,11,0,0,使用体验
较便宜,正面,1,0,0,价格
较温和,正面,1,0,0,使用体验
较难清洗,负面,0,0,1,使用体验
较高,正面,2,0,0,价格
辛苦了,正面,1,0,0,物流
辣眼睛,负面,0,0,2,使用体验
辣脸,负面,0,0,1,使用体验
迅速,正面,5,0,0,物流
过于多了,负面,0,0,1,使用体验
过得去,正面,1,0,0,整体
过敏,负面,0,0,2,使用体验
过敏了,负面,1,0,2,使用体验
过期,负面,0,0,1,新鲜度
近期,负面,0,0,1,新鲜度
还OK,正面,1,0,0,整体
还不知道,中性,0,1,0,功效
还不错,正面,163,0,0,整体
还不错啦,正面,1,0,0,整体
还不错的,正面,2,0,0,整体
还保湿,正面,1,0,0,功效
还可以,正面,143,4,0,整体
还可以吧,正面,1,0,0,整体
还喜欢,正面,1,0,0,整体
还好,正面,29,1,0,整体
还好吧,正面,9,0,0,整体
还挺划算的,正面,1,0,0,价格
还挺多的,正面,1,0,0,整体
还挺好,正面,1,0,0,整体
还挺好用的,正面,1,0,0,整体
还挺好的,正面,2,0,0,整体
还挺省,正面,1,0,0,其他
还挺香的,正面,1,0,0,气味
还是不错的,正面,5,0,0,整体
还是干,负面,0,0,1,使用体验
还是紧绷,负面,0,0,1,使用体验
还算可以,正面,1,0,0,功效
还算实惠,正面,1,0,0,价格
还蛮快,正面,1,0,0,物流
还行,正面,51,3,0,整体
还行吧,正面,10,1,0,整体
还行的,正面,1,0,0,功效
这么便宜,正面,2,0,0,价格
这么快,正面,1,0,0,物流
连连的,负面,0,0,1,使用体验
送货到家,正面,1,0,0,物流
适中,正面,2,0,0,使用体验
适合,正面,2,0,0,整体
透亮,正面,1,0,0,使用体验
透气,正面,3,0,0,使用体验
通透,正面,1,0,0,使用体验
速度快,正面,2,0,0,物流
遮不住什么,负面,0,0,1,功效
遮暇,正面,2,0,0,功效
遮瑕,正面,2,0,0,功效
遮红血丝,正面,1,0,0,功效
遮黄气暗沉,正面,1,0,0,功效
那么白,负面,0,0,1,功效
那么重,中性,0,1,0,气味
都是胶,负面,0,0,1,使用体验
都没有,负面,0,0,1,包装
都说好,正面,1,0,0,整体
酸酸的,负面,0,0,1,气味
重,负面,0,0,1,气味
量也多,正面,1,0,0,其他
量也大,正面,1,0,0,其他
量又足,正面,1,0,0,其他
量大,正面,2,0,0,其他
量大耐用,正面,1,0,0,其他
量很足,正面,1,0,0,其他
量比大,正面,1,0,0,其他
量足,正面,1,0,0,其他
长痘,负面,0,0,2,使用体验
闷痘,负面,0,0,1,使用体验
闻着不错,正面,1,0,0,气味
降价,负面,0,0,2,价格
隔离,正面,1,0,0,功效
难推开,负面,0,0,1,使用体验
难用,负面,0,0,1,整体
非常不错,正面,24,0,0,整体
非常公道,正面,1,0,0,价格
非常划算,正面,1,0,0,价格
非常合适,正面,2,0,0,价格
非常喜欢,正面,23,0,0,整体
非常失望,负面,0,0,1,整体
非常好,正面,73,0,0,整体
非常好用,正面,35,0,0,整体
非常好闻,正面,1,0,0,气味
非常实惠,正面,1,0,0,价格
非常差,负面,0,0,1,整体
非常开心,正面,1,0,0,整体
非常强,正面,1,0,0,物流
非常彻底,正面,1,0,0,功效
非常快,正面,9,0,0,物流
非常服帖,正面,1,0,0,使用体验
非常棒,正面,6,0,0,整体
非常温和,正面,1,0,0,使用体验
非常滋润,正面,2,0,0,使用体验
非常满意,正面,27,0,0,整体
非常的不好,负面,0,0,1,整体
非常的不错,正面,1,0,0,整体
非常的好用,正面,1,0,0,整体
非常的实惠,正面,1,0,0,价格
非常的快,正面,1,0,0,物流
非常的服帖,正面,1,0,0,使用体验
非常的香,正面,1,0,0,气味
非常给力,正面,3,0,0,物流
非常自然,正面,1,0,0,功效
非常舒服,正面,4,0,0,使用体验
非常舒适,正面,1,0,0,整体
非常补水,正面,2,0,0,功效
非常足,正面,1,0,0,成分
非常速度,正面,1,0,0,物流
非常香,正面,1,0,0,气味
靠谱,正面,1,0,0,价格
颜色相近,正面,1,0,0,功效
飞快,正面,2,0,0,物流
香,正面,1,0,0,气味
香香的,正面,9,0,0,气味
骗人的,负面,0,0,1,整体
高,正面,9,0,0,价格
高大上,正面,1,0,0,包装
高很多,正面,1,0,0,价格
高档,正面,1,0,0,包装
黏黏的,负面,0,0,1,使用体验
黏黏糊糊,负面,0,0,1,使用体验
