1,_,白嫩,使用体验,正面
1,_,不错,整体,正面
1,_,是正品,真伪,正面
2,颜色,明显,功效,正面
2,_,喜欢,整体,负面
2,_,还有,整体,正面
3,_,挺细腻的,使用体验,正面
3,今天,用上,整体,正面
4,_,还行,整体,正面
5,效果,不错,功效,正面
5,_,用上,整体,正面
6,_,很细腻,使用体验,正面
6,提亮,很好,功效,正面
7,_,建议,整体,正面
7,_,很喜欢,整体,正面
7,_,特别好用,整体,正面
7,_,购买,整体,正面
8,客户,老,整体,正面
9,_,好,整体,正面
9,购物,愉快,整体,正面
9,_,还可以,整体,正面
9,购物,选,整体,正面
10,_,不错,整体,正面
11,敷上,很清爽,使用体验,正面
11,_,油腻,使用体验,正面
11,_,不错,整体,正面
12,包装,一般,包装,中性
12,_,还行,整体,正面
13,质量,一般般,其他,中性
14,_,_,_,_
15,包装质量,回,包装,正面
15,块,小,包装,正面
15,块,掉,包装,正面
15,人,不爽,物流,负面
15,物流速度,快,物流,正面
16,_,好用,整体,正面
17,_,到,整体,中性
17,_,好,整体,正面
17,发货速度,快,物流,正面
18,_,很喜欢,整体,正面
18,_,很好用,整体,正面
19,_,不错,整体,正面
19,_,喜欢,整体,正面
19,_,大赞,整体,正面
19,_,很好,整体,正面
20,自然,不油腻,使用体验,正面
21,_,好评,整体,正面
21,_,挺好用的,整体,正面
22,_,最合适,价格,正面
22,_,比较干净,功效,正面
22,_,上,整体,正面
22,面奶,很适合,整体,正面
23,_,很贴肤,使用体验,正面
23,_,细腻,使用体验,正面
23,_,很不错,整体,正面
24,_,不错,整体,正面
25,_,优惠,价格,正面
25,质量,希望,其他,正面
26,_,贵了,价格,负面
26,_,有点干,使用体验,负面
26,天气,可以,整体,正面
26,_,很好用,整体,正面
27,真心,不错,整体,正面
28,_,油腻,使用体验,负面
28,效果,一般,功效,中性
29,_,很温和,使用体验,正面
29,仙女们,值得,整体,正面
29,仙女们,入手,整体,正面
29,仙女们,小,整体,正面
29,_,很好用,整体,正面
30,过会儿,自然,功效,正面
30,_,还可以,整体,正面
31,效果,不错,功效,正面
31,效果,非常好,功效,正面
32,卸妆,好,功效,正面
32,卸妆,干净,功效,正面
32,卸妆,给个好评,功效,正面
33,_,很自然,功效,正面
33,_,好用,整体,正面
34,_,不错,整体,正面
34,_,很好,整体,正面
34,_,快,物流,正面
35,_,合适,价格,负面
35,_,痒,使用体验,负面
35,_,舒服,使用体验,负面
35,_,很多,其他,正面
36,品牌 快递,很快,包装,正面
36,_,值得,整体,正面
37,_,很划算,价格,正面
37,效果,期待,功效,正面
37,_,购买,整体,正面
37,速度,很快,物流,正面
38,_,很水润,使用体验,正面
38,包装,不错,包装,正面
38,_,推荐,整体,正面
39,_,试用,整体,正面
39,快递小哥服务,很好,物流,正面
39,物流,很快,物流,正面
40,活动,希望,价格,正面
40,_,划,整体,正面
40,_,得,整体,正面
41,_,不紧绷,使用体验,正面
41,_,水水的,使用体验,正面
41,_,很好用,整体,正面
42,质量,一般,其他,中性
43,_,挺好用的,整体,正面
43,酒精味,重,气味,负面
44,货,很喜欢,物流,正面
45,_,很好,整体,正面
45,_,购买,整体,正面
46,_,还可以,整体,正面
47,_,很温和,使用体验,正面
47,_,非常不错,整体,正面
47,味道,刺鼻,气味,正面
47,味道,没有,气味,负面
48,_,不错,整体,正面
48,_,还行,整体,正面
49,价,不值,价格,负面
49,盒子,没有,包装,负面
49,_,垃圾,整体,负面
49,发货,没有,物流,负面
50,_,方便,使用体验,负面
50,_,还不错,整体,正面
50,香味,淡淡的,气味,正面
51,_,不错,整体,正面
52,_,不油腻,使用体验,正面
52,_,显白,功效,正面
52,_,好用,整体,正面
53,价格,挺便宜的,价格,正面
53,效果,好,功效,正面
53,效果,希望,功效,正面
53,_,好不,整体,正面
53,_,好用,整体,正面
54,_,不错,整体,正面
54,中午,到,物流,中性
54,快递速度,快,物流,正面
54,小哥点,赞,物流,正面
55,实惠,很不错,价格,正面
56,_,很喜欢,整体,正面
57,_,好用,整体,正面
58,_,大大的,包装,中性
58,_,柔和,整体,正面
58,_,满意,整体,正面
59,_,辣眼睛,使用体验,负面
59,_,疼,整体,负面
60,_,很滑,使用体验,正面
60,_,非常好,整体,正面
61,_,好好,整体,正面
62,_,上,整体,正面
62,_,不好用,整体,负面
62,_,不适合,整体,负面
62,_,总,整体,正面
63,活动,_,价格,正面
63,_,合适,价格,正面
64,_,不错,整体,正面
64,_,很适合,整体,正面
65,质量,不错,其他,正面
65,换装,不错,整体,正面
65,换装,很给力,物流,正面
65,送货师傅,很给力,物流,正面
66,_,还可以,整体,正面
66,物流,很快,物流,正面
67,_,好用,整体,负面
67,_,洗面,整体,正面
68,包装,不错,包装,正面
68,_,好用,整体,正面
68,_,期待,整体,正面
68,物流,非常快,物流,正面
69,快递,_,物流,负面
70,_,还可以,整体,正面
71,_,挺好的,整体,正面
72,包装,很一般,包装,中性
73,_,_,_,_
74,_,_,_,_
75,活动,非常划算,价格,正面
75,_,温和不刺激,使用体验,正面
75,关键,好,整体,正面
75,_,真心不错,整体,正面
76,_,很好用,整体,正面
77,_,好好用,整体,正面
77,_,好评,整体,正面
77,_,购买,整体,正面
78,价格,便宜,价格,正面
78,性价比,高,价格,正面
78,包装,不错,包装,正面
78,_,应该还可以,整体,正面
79,包装,很好,包装,正面
79,快递,快,物流,正面
80,补水效果,失望,功效,负面
80,补水效果,希望,功效,正面
80,_,评论,整体,负面
80,_,还不错,整体,正面
81,_,真的很好,整体,正面
82,_,不错,整体,正面
82,购买,值得,整体,正面
82,_,值得,整体,正面
82,物流,很快,物流,正面
83,_,还行,整体,正面
84,_,回购,整体,正面
84,女朋友,还不错,整体,正面
85,设计,好用,其他,正面
85,设计,希望,其他,正面
85,设计,很喜欢,其他,正面
85,_,推荐,整体,正面
85,_,购买,整体,正面
86,_,得,功效,正面
86,_,很好,整体,正面
86,_,很好用,整体,正面
86,_,超喜欢,整体,正面
87,水,用后,成分,正面
87,_,好评,整体,正面
87,速度,很快,物流,正面
88,_,很划算,价格,正面
88,_,不紧绷,使用体验,正面
88,_,很清爽,使用体验,正面
88,面奶,很温和,使用体验,正面
89,个人,非常好用,整体,正面
90,_,不错,整体,正面
91,_,不错,整体,正面
91,_,挺好的,整体,正面
92,味道,不是很喜欢,气味,负面
93,_,很细腻,使用体验,正面
93,_,很好用,整体,正面
93,干性皮肤,适合,整体,正面
93,味道,特别好闻,气味,正面
94,价格,优惠,价格,正面
94,_,满意,整体,正面
95,_,挺好的,整体,正面
96,_,好评,整体,正面
97,价格,实惠,价格,正面
97,包装,精美,包装,正面
98,赠品,小,价格,正面
98,隔离,一直用,功效,正面
98,隔离,很不错,功效,正面
98,隔离,紫色,功效,正面
98,隔离,非常喜欢,功效,正面
98,快递,给力,物流,正面
99,补水效果,好,功效,正面
99,_,购买,整体,正面
100,_,特别水润,使用体验,正面
100,补水效果,特别好,功效,正面
100,_,完脸,整体,正面
100,_,推荐,整体,正面
101,性价比,高,价格,正面
101,_,还可以,整体,正面
102,_,不油腻,使用体验,正面
102,包装,新,包装,正面
102,包装,旧,包装,负面
102,味道,淡淡的,气味,正面
103,_,水水的,使用体验,正面
103,_,很喜欢,整体,正面
103,_,用后,整体,正面
104,_,便宜,价格,正面
104,_,实惠,价格,正面
104,质量,可以,其他,正面
105,外面,硬,整体,正面
105,_,还可以,整体,正面
106,活动,很多,价格,正面
106,_,值得,整体,正面
106,店里,好用,整体,正面
106,_,购买,整体,正面
106,_,超级好用,整体,正面
107,_,很不错,整体,正面
107,_,购买,整体,正面
108,今天晚上,不错,整体,正面
108,今天晚上,贴,整体,正面
109,_,很好用,整体,正面
109,送货,快,物流,正面
110,味道,还行,气味,正面
111,性价比,很高,价格,正面
111,补水,上,功效,正面
111,用用,还不错,整体,正面
112,遮瑕效果,非常好,功效,正面
112,香味,_,气味,正面
112,_,是正品,真伪,正面
113,保湿效果,不错,功效,正面
113,_,挺好用的,整体,正面
114,隔离,一直用,功效,正面
114,_,非常好用,整体,正面
115,_,很好用,整体,正面
115,购物体验,愉快,整体,正面
116,_,值得,整体,正面
117,_,挺好的,整体,正面
117,_,用后,整体,正面
117,_,很快,物流,正面
118,_,不贵,价格,正面
118,价格,合适,价格,正面
118,_,好用,整体,正面
119,性价比,高,价格,正面
119,_,很好用,整体,正面
119,物流,很快,物流,正面
119,_,是正品,真伪,正面
120,效果,不错哦,功效,正面
120,_,可以,整体,正面
120,_,挺好的,整体,正面
121,_,挺好的,整体,正面
122,赠品,上,价格,正面
122,份,试用,成分,正面
122,_,不好,整体,负面
122,_,闻,整体,负面
122,味道,不好闻,气味,负面
123,_,可以,整体,正面
124,_,好,整体,正面
124,_,很好用,整体,正面
125,_,不贵,价格,正面
125,_,好用,整体,正面
126,质量,一如既往的好,其他,正面
126,质量,不错,其他,正面
127,_,挺清爽的,使用体验,正面
127,_,值得,整体,正面
127,_,好用,整体,正面
127,_,购买,整体,正面
127,送货速度,很快,物流,正面
127,送货速度,很方便,物流,正面
128,_,还可以,整体,正面
129,吸收,好些,使用体验,正面
129,_,上,整体,正面
129,_,不怎么样,整体,负面
129,时间,要,物流,正面
130,_,物美价廉,价格,正面
130,盒子,很漂亮,包装,正面
130,发货,快,物流,正面
131,活动,_,价格,正面
132,_,不好,整体,负面
133,_,_,_,_
134,物流,快,物流,正面
135,价格,差不多,价格,正面
135,赠品,没有,价格,负面
135,_,到,整体,中性
135,_,购买,整体,正面
135,购买,还有,整体,正面
136,优惠,期待,价格,正面
136,_,不干,使用体验,正面
136,_,很舒服,使用体验,正面
136,_,好用,整体,正面
136,_,超级好用,整体,正面
137,价格,买错,价格,正面
137,价格,便宜,价格,正面
137,价格,没,价格,负面
137,水份,多,成分,正面
137,水份,紧,成分,正面
138,_,超级划算,价格,正面
138,补水,大,功效,正面
138,爱,爱,功效,正面
138,补水,超,功效,正面
138,_,五星,整体,正面
138,_,好评,整体,正面
139,_,_,_,_
140,效果,期待,功效,正面
141,补水效果,很好,功效,正面
141,_,很好用,整体,正面
141,妆容,完美,物流,正面
142,补水,特别好,功效,正面
142,_,很喜欢,整体,正面
143,_,挺实惠,价格,正面
143,_,很滋润,使用体验,正面
143,_,蛮好用,整体,正面
144,赠品,多,价格,正面
144,今天,到,整体,中性
144,_,很好用,整体,正面
144,物流,很快,物流,正面
145,包装,不错,包装,正面
145,物流杠杠,到手,物流,正面
145,今天早上,购买,物流,正面
146,补水,多,功效,正面
146,补水,干燥,功效,负面
146,补水,要,功效,正面
146,补水,轻薄,功效,正面
146,补水,透气,功效,正面
147,_,还可以,整体,正面
148,补水效果,特别好,功效,正面
149,效果,不是太好,功效,负面
149,效果,还可以,功效,正面
150,补水,准备,功效,正面
150,效果,增白,功效,正面
150,_,很好,整体,正面
151,_,好评,整体,正面
151,顾客,老,整体,正面
152,_,喜欢,整体,负面
153,_,不错,整体,正面
153,_,点赞,整体,正面
153,服务,超好,服务,正面
154,个人,干,使用体验,负面
154,_,搓泥,使用体验,负面
154,油性肌肤,适合,整体,正面
155,经济,实惠,价格,正面
155,_,好用,整体,正面
155,_,希望,整体,正面
155,送货速度,喜欢,物流,正面
156,_,很好用,整体,正面
157,_,_,_,_
158,性价比超高,喜欢,价格,正面
158,_,不油腻,使用体验,正面
159,_,是正品,真伪,正面
160,_,非常滋润,使用体验,正面
160,效果,不错,功效,正面
160,_,好好,整体,正面
160,_,推荐,整体,正面
160,_,要,整体,正面
161,_,很实惠,价格,正面
161,_,很好用,整体,正面
162,价格,实惠,价格,正面
162,_,挺好,整体,正面
162,物流,很快,物流,正面
163,_,很清爽,使用体验,正面
163,卸妆,很温和,功效,正面
163,_,不伤,整体,正面
163,_,挺好用的,整体,正面
164,商品外包装,几样,包装,正面
164,商品外包装,好,包装,正面
164,_,不好,整体,负面
164,快递,_,物流,负面
165,_,很喜欢,整体,正面
165,物流速度,不错,物流,正面
166,_,挺好用的,整体,正面
166,客户,老,整体,正面
167,_,实惠,价格,正面
167,_,非常不错,整体,正面
168,_,挺滋润的,使用体验,正面
168,_,挺好用的,整体,正面
169,_,好用,整体,正面
169,_,好评,整体,正面
170,暗黄色皮肤,适合,整体,正面
171,专柜,便宜,价格,正面
171,面奶,总,价格,正面
171,专柜,要,价格,正面
171,专柜,洗不干净,功效,负面
171,面奶,好用,整体,正面
172,活动,快,价格,正面
172,滋润,快,使用体验,正面
172,吸收,快,使用体验,正面
172,滋润,超,使用体验,正面
173,包装,_,包装,正面
174,质量,很好,其他,正面
174,_,值得,整体,正面
174,_,很好闻,气味,正面
175,_,回购,整体,正面
175,_,很好用,整体,正面
176,卡粉,有点点,使用体验,中性
177,_,一如既往的好,整体,正面
178,_,有点紧绷,使用体验,负面
178,补水效果,挺好的,功效,正面
178,_,完脸,整体,正面
178,_,挺满意的,整体,正面
178,_,还不错,整体,正面
179,_,物聊,价格,正面
179,_,物超所值,整体,正面
179,_,超快,物流,正面
180,_,不油腻,使用体验,正面
180,推开,挺快的,使用体验,正面
180,持久情况,挺不错的,功效,正面
181,_,不油腻,使用体验,正面
181,_,不过敏,使用体验,正面
181,_,很保湿,功效,正面
181,_,很好,整体,正面
182,_,挺干的,使用体验,负面
182,_,还不错,整体,正面
183,_,很好用,整体,正面
183,_,是正品,真伪,正面
184,_,比较优惠,价格,正面
184,隔离,不错,功效,正面
184,_,购买,整体,正面
185,_,还不知道,功效,中性
185,_,可以,整体,正面
186,_,非常不错,整体,正面
186,物流速度,快,物流,正面
187,保湿效果,很好,功效,正面
188,_,特别好用,整体,正面
188,_,赞,整体,正面
189,_,不脱妆,使用体验,正面
189,_,很滋润,使用体验,正面
189,_,挺好用的,整体,正面
190,价格,不错,价格,正面
190,价格,合适,价格,正面
191,_,喜欢,整体,正面
191,_,希望,整体,正面
191,_,很不错,整体,正面
192,_,很舒服,使用体验,正面
192,_,很好用,整体,正面
192,_,贴在,整体,正面
193,_,不错,整体,正面
193,_,回购,整体,正面
194,泡泡,很多,使用体验,负面
194,清香,很好,气味,正面
194,气味,很好,气味,正面
194,清香,淡淡的,气味,正面
194,清香,闻,气味,正面
194,气味,闻,气味,正面
195,效果,一般,功效,中性
195,效果,可以,功效,正面
195,效果,扣,功效,正面
195,描述 额,到,整体,中性
196,包装盒子,没有,包装,负面
196,商家,扣,服务,正面
196,商家,没有,服务,负面
197,_,还行,整体,正面
198,洗完,不紧绷,使用体验,正面
198,_,还可以,整体,正面
199,_,很满意,整体,正面
199,_,还不错,整体,正面
199,物流,很快,物流,正面
200,油性皮肤,有些油,使用体验,负面
200,补水,可以,功效,正面
200,油性皮肤,建议,整体,正面
200,个人,建议,整体,正面
200,油性皮肤,购买,整体,正面
201,_,很不错,整体,正面
201,_,很喜欢,整体,正面
201,_,棒棒的,整体,正面
201,_,赞一个,整体,正面
201,送货速度,快,物流,正面
202,购买,值得,整体,正面
202,_,很喜欢,整体,正面
203,_,好评,整体,正面
203,_,挺好的,整体,正面
203,物流,挺快的,物流,正面
204,s,还可以,整体,正面
205,_,不卡粉,使用体验,正面
205,_,很好,整体,正面
206,_,大大的,包装,中性
206,盒子,很精美,包装,正面
206,_,很好用,整体,正面
206,_,相信,整体,正面
206,卖家,良心,服务,正面
207,香味,不刺激,气味,正面
207,香味,很喜欢,气味,正面
207,香味,很好用,气味,正面
207,香味,特别好,气味,正面
207,香味,重,气味,正面
208,_,很滑,使用体验,正面
208,_,很舒服,使用体验,正面
208,_,好评,整体,正面
208,_,挺好用的,整体,正面
209,速度,快,物流,正面
210,活动,给力,价格,正面
210,活动,贵些,价格,正面
210,时候,贵些,整体,正面
211,补水效果,特别好,功效,正面
211,_,很喜欢,整体,正面
212,泡沫,没有,使用体验,负面
212,_,假的,真伪,负面
213,效果,不好,功效,负面
213,_,好用,整体,正面
214,效果,不错,功效,正面
214,效果,满意,功效,正面
215,_,很干净,功效,正面
215,_,非常好用,整体,正面
216,_,不油腻,使用体验,正面
216,_,很好用,整体,正面
216,_,得,整体,正面
216,_,购买,整体,正面
216,_,快,物流,正面
217,补水,_,功效,正面
217,秋冬季,好好,功效,正面
217,秋冬季,要,功效,正面
217,保湿,要,功效,正面
217,_,不错,整体,正面
217,推荐,入手,整体,正面
218,效果,期待,功效,正面
218,hellip,不错,整体,正面
218,快递,超级给力,物流,正面
219,活动,定,价格,正面
219,赠品,还有,价格,正面
219,颜值,很惊喜,包装,正面
219,成分,安全,成分,正面
219,成分,很好用,成分,正面
219,成分,推荐,成分,正面
219,_,好,整体,正面
219,_,开森,整体,正面
219,_,要,整体,正面
219,_,试用,整体,正面
219,到货,定,物流,正面
220,包装,挺好看的,包装,正面
220,家,送到,服务,正面
220,快递小哥,送到,物流,正面
221,_,很多,其他,正面
221,_,不错,整体,正面
221,_,喜欢,整体,正面
221,_,小,整体,正面
222,_,很便宜,价格,正面
223,涨价,很好用,价格,正面
224,_,好用,整体,正面
225,_,_,_,_
226,_,很好,整体,正面
227,_,好好用,整体,正面
227,_,很方便,整体,正面
228,速度,飞快,物流,正面
229,_,光滑,使用体验,正面
229,购买,值得,整体,正面
229,购买,可以,整体,正面
229,_,洗面,整体,正面
230,_,不过敏,使用体验,正面
230,_,很好用,整体,正面
230,_,敏感,整体,负面
231,_,喜欢,整体,正面
231,体验,真心不错,整体,正面
231,物流,快,物流,正面
232,价格,便宜,价格,正面
232,_,好,整体,正面
232,_,希望,整体,正面
232,_,很好,整体,正面
232,物流,很快,物流,正面
233,整体描述 物超所值,好评,价格,正面
234,_,好,整体,正面
235,_,还好,整体,正面
236,轻薄,比较保湿,使用体验,正面
236,轻薄,泛黄,使用体验,正面
237,人,很多,物流,正面
237,人,挺好,物流,正面
238,优惠卷,很开心,价格,负面
239,吸收,很好,使用体验,正面
239,_,很喜欢,整体,正面
240,_,不错,整体,正面
241,_,很多,其他,正面
241,补水,还可以,功效,正面
241,_,不错,整体,正面
242,_,便宜,价格,正面
243,_,很多,其他,正面
243,效果,没什么,功效,负面
243,_,一般,整体,中性
243,_,回购,整体,正面
244,_,不错,整体,正面
244,_,非常好用,整体,正面
245,速度,快,物流,正面
246,性价比,高,价格,正面
246,_,很不错,整体,正面
246,服务,很好,服务,正面
247,护肤,没用,功效,负面
247,效果,还不错,功效,正面
248,美白,很喜欢,功效,正面
248,美白,闻,功效,正面
248,爱,很喜欢,整体,正面
248,味道,很舒服,气味,正面
248,爱,闻,气味,正面
248,味道,闻,气味,正面
249,滋润,不油腻,使用体验,正面
249,_,挺好的,整体,正面
250,质量,不错,其他,正面
250,_,购买,整体,正面
251,_,很服帖,使用体验,正面
251,_,自然,功效,正面
251,_,挺好用的,整体,正面
251,_,推荐,整体,正面
252,_,痛,整体,负面
253,_,好用,整体,正面
253,_,希望,整体,正面
253,客服,_,服务,正面
253,海狮,小,服务,正面
253,服务,感谢,服务,正面
254,补水,好用,功效,正面
254,补水,没有,功效,负面
254,_,一般,整体,中性
255,精华,多,成分,正面
255,精华,敷贴,成分,正面
255,精华,薄薄的,成分,正面
255,_,挺好用的,整体,正面
256,活动,不给力,价格,负面
256,_,方便,使用体验,正面
256,_,快捷,其他,正面
257,_,_,_,_
258,_,购买,整体,正面
258,_,非常的好用,整体,正面
259,_,好小,尺寸,负面
260,_,坏了,包装,负面
260,失望,感到,整体,正面
260,心情,感到,整体,正面
260,_,打开,整体,正面
261,_,好用,整体,正面
262,_,习惯,整体,正面
262,_,好用,整体,正面
262,_,好评,整体,正面
263,_,物有所值,整体,正面
263,_,购买,整体,正面
264,_,_,_,_
265,_,还可以,整体,正面
266,提亮肤色,有点干,功效,负面
266,效果,没有,功效,负面
266,_,还可以,整体,正面
267,_,便宜,价格,正面
267,_,通透,使用体验,正面
267,_,好用,整体,正面
268,_,不错,整体,正面
269,_,辣眼睛,使用体验,负面
269,防晒效果,_,功效,中性
269,味道,奇怪,气味,正面
270,_,很滋润,使用体验,正面
270,精华,好多,成分,正面
270,MM们,喜欢,整体,正面
270,_,特别喜欢,整体,正面
271,_,很滋养,使用体验,正面
271,_,好的很,整体,正面
271,孩子,很喜欢用,整体,正面
271,_,美美哒,整体,正面
272,包装,完好,包装,正面
272,购物,完好,包装,正面
272,购物,好,整体,正面
272,购物,满意,整体,正面
272,服务,好,服务,正面
272,物流,很快,物流,正面
272,购物,很快,物流,正面
273,价格优惠券补水,不错,价格,正面
273,活动,不错,价格,正面
273,价格优惠券补水,合适,价格,正面
273,价格优惠券补水,行,价格,正面
273,礼品袋装,行,价格,正面
274,_,不脱妆,使用体验,正面
274,_,挺好用的,整体,正面
274,香味,淡淡的,气味,正面
275,_,很好用,整体,正面
276,卡粉,无敌卡,使用体验,负面
276,卡粉,粉,使用体验,负面
276,卡粉,超级差,使用体验,负面
277,补水效果,很好,功效,正面
277,补水效果,很舒服,功效,正面
278,泡泡,细腻,使用体验,负面
278,效果,很一般,功效,中性
279,_,满意,整体,正面
279,服务,很好,服务,正面
279,快递,很快,物流,正面
279,_,正品,真伪,正面
280,效果,真的不错,功效,正面
280,货,是正品,物流,正面
281,味道,很细腻,气味,正面
282,_,水水润润的,使用体验,正面
282,_,信任,整体,正面
282,_,只用,整体,正面
283,活动,_,价格,正面
283,_,超级划算,价格,正面
283,包装,好看,包装,正面
283,外面店子,到,整体,中性
283,_,不一样,气味,负面
284,质量,差,其他,负面
285,_,不卡粉,使用体验,正面
285,_,有点小,尺寸,负面
285,_,挺好的,整体,负面
285,今天,还不错,整体,正面
286,_,挺好用的,整体,正面
287,_,挺好的,整体,正面
287,_,购买,整体,正面
288,早上,到,整体,中性
288,_,棒棒哒,整体,正面
288,物流,很快,物流,正面
289,_,挺好用的,整体,正面
289,_,选,整体,正面
290,_,购买,整体,正面
290,_,真品,真伪,正面
291,补水效果,很好,功效,正面
292,_,很好用,整体,正面
293,_,清爽,使用体验,正面
293,_,用后,使用体验,正面
293,_,舒服,使用体验,正面
293,_,不错,整体,正面
294,美眉们,建议,使用体验,正面
294,水润服帖,建议,使用体验,正面
294,水润服帖,试用,使用体验,正面
294,美眉们,试用,使用体验,正面
294,_,谢谢,使用体验,正面
294,美眉们,白,功效,正面
295,_,很多,其他,正面
295,_,长,整体,正面
296,_,很好用,整体,正面
296,店家,很多,服务,正面
297,_,还可以,整体,正面
298,_,优惠,价格,正面
298,赠品,好,价格,正面
298,_,建议,整体,正面
298,_,要,整体,正面
298,_,骗人的,整体,负面
299,购买,很服帖,使用体验,正面
299,购买,不错,整体,正面
299,购买,可以,整体,正面
299,购买,很快,物流,正面
299,物流,很快,物流,正面
300,价格,小贵,价格,正面
300,_,很棒,整体,正面
300,_,送到,整体,正面
301,_,不干燥,使用体验,正面
301,_,滑滑的,使用体验,正面
302,外包装,真好,包装,正面
302,外包装,赠,包装,正面
303,_,很舒服,使用体验,正面
303,_,不错,整体,正面
304,_,不错,整体,正面
305,小礼品,_,价格,正面
305,_,很喜欢,整体,正面
306,_,比较实惠,价格,正面
306,_,相信,整体,正面
307,_,很好用,整体,正面
308,_,不错,整体,正面
309,_,很满意,整体,正面
309,_,要,整体,负面
309,_,还有,整体,正面
309,快递,真快,物流,正面
310,下面,很少,使用体验,负面
310,_,太少了,其他,负面
310,下面,干,整体,负面
311,_,不错,整体,正面
311,_,很好用,整体,正面
312,擦上去,很白,功效,正面
312,_,还可以,整体,正面
312,_,很香,气味,正面
313,遮瑕效果,_,功效,中性
313,_,不错,整体,正面
313,_,可以,整体,正面
314,过份,有点小,尺寸,负面
315,_,相当实惠,价格,正面
315,_,挺好,整体,正面
315,_,满意,整体,正面
316,_,漂亮,包装,正面
316,_,很好,整体,正面
317,_,太小,尺寸,负面
317,精华,太少了,成分,负面
317,_,差评,整体,负面
318,上妆效果,还可以,功效,正面
319,价格,一样,价格,正面
319,赠品,一样,价格,正面
319,价格,是正品,价格,正面
319,赠品,没有,价格,负面
320,价格,合适,价格,正面
320,保湿,不错,功效,正面
320,_,很好,整体,正面
320,_,推荐,整体,正面
321,失望,不会有,使用体验,正面
321,失望,希望,整体,正面
321,速度,超快,物流,正面
322,_,物美价廉,价格,正面
322,_,贵,价格,负面
323,包装,很好看,包装,正面
324,_,很薄,使用体验,正面
324,补水效果,很好,功效,正面
325,价格,高,价格,正面
326,保湿效果,很好,功效,正面
327,质量,很高,其他,正面
327,质量,特别好,其他,正面
327,_,很喜欢,整体,正面
327,_,特别喜欢,整体,正面
327,_,非常喜欢,整体,正面
328,_,不错,整体,正面
328,_,准备,整体,正面
328,_,挺好用的,整体,正面
329,_,一如既往的好,整体,正面
329,_,不错,整体,正面
330,_,好多,价格,正面
330,_,不错,整体,正面
330,_,推荐,整体,正面
331,_,很服帖,使用体验,正面
331,_,只用,整体,正面
332,_,很不错,整体,正面
332,_,淡,整体,正面
333,提亮肤色,不油腻,功效,正面
333,人,清新,物流,正面
334,保湿效果,好,功效,正面
334,味道,好闻,气味,正面
335,速度,很快,物流,正面
336,油性皮肤,有点油,使用体验,负面
336,油性皮肤,很保湿,功效,正面
337,_,不错,整体,正面
337,_,很好,整体,正面
337,物流,给了,物流,正面
338,速度,快,物流,正面
338,速度,要,物流,正面
339,_,有点干,使用体验,负面
340,送货,一直在用,物流,正面
340,送货,不错,物流,正面
340,送货,很快,物流,正面
341,_,很喜欢,整体,正面
341,_,很好,整体,正面
342,_,不干,使用体验,正面
342,_,不油腻,使用体验,正面
342,女生使用,嫩嫩的,使用体验,正面
342,_,非常滋润,使用体验,正面
342,_,很自然,功效,正面
342,女生使用,小,整体,正面
342,女生使用,很适合,整体,正面
343,_,超级划算,价格,正面
343,_,不干,使用体验,正面
343,泡沫,很多,使用体验,正面
343,_,挺滋润的,使用体验,正面
343,_,完脸,整体,正面
344,_,很实惠,价格,正面
344,发货速度,很实惠,物流,正面
344,发货速度,快,物流,正面
345,好处,不紧绷,使用体验,正面
345,_,温和,使用体验,正面
345,好处,回购,整体,正面
346,期待,高,价格,正面
346,包装颜值,满满,包装,正面
346,物流,满意,物流,正面
346,物流,超级快,物流,正面
347,_,平价,价格,正面
347,补水,不错,功效,正面
348,肌用,敏感,整体,正面
349,_,准备,整体,正面
349,_,还不错,整体,正面
349,_,还可以,整体,正面
350,_,掉皮,使用体验,负面
350,效果,没,功效,负面
350,_,白白的,功效,正面
351,_,还不错,整体,正面
352,_,_,_,_
353,_,可以,整体,正面
353,_,很不错,整体,正面
354,_,还算可以,功效,正面
354,_,得,整体,正面
355,持久情况,有点黏黏,功效,中性
355,_,可以,整体,正面
356,_,干皮,使用体验,正面
356,_,还好,整体,正面
356,味道,很好闻,气味,正面
357,价格,实惠,价格,正面
357,价格,挺好用的,价格,正面
357,乳液,还有,成分,正面
357,_,还不错,整体,正面
358,保湿效果,非常好,功效,正面
359,_,评论,整体,负面
360,_,不过敏,使用体验,正面
360,_,很水润,使用体验,正面
360,_,很薄,使用体验,正面
360,_,方便,使用体验,正面
360,_,快捷,其他,正面
361,_,不油腻,使用体验,正面
361,_,很清爽,使用体验,负面
361,_,不错,整体,正面
361,_,值得,整体,负面
361,_,可以,整体,正面
362,_,辣眼睛,使用体验,正面
362,_,挺好用的,整体,正面
362,味道,_,气味,中性
362,面奶,淡淡的,气味,正面
363,_,好用,整体,负面
364,_,不错,整体,正面
365,补水效果,非常好,功效,正面
365,购买,值得,整体,正面
366,今天,到,整体,中性
366,快递,很给力,物流,正面
367,今天早上,还可以,整体,正面
368,效果,好的,功效,正面
368,效果,希望,功效,正面
368,_,挺好的,整体,正面
369,_,挺好用的,整体,正面
370,_,不错,整体,正面
371,_,挺好用的,整体,正面
372,赠品,_,价格,正面
372,颜色,好,功效,正面
372,_,值得,整体,正面
372,_,物超所值,整体,正面
372,_,购买,整体,正面
372,物流,快,物流,正面
373,_,物美价廉,价格,正面
373,包装,很好,包装,正面
373,_,不错,整体,正面
373,物流,很快,物流,正面
374,_,用后,整体,正面
374,快递,快,物流,正面
374,快递,真的好,物流,正面
375,_,喜欢,整体,正面
375,_,好,整体,正面
375,_,非常好,整体,正面
376,到货速度,快,物流,正面
377,购买,很舒服,使用体验,正面
377,_,挺薄的,使用体验,正面
377,精华,挺多的,成分,正面
377,购买,很好,整体,正面
378,价格,实惠,价格,正面
378,_,卸妆,功效,负面
378,_,可以,整体,正面
379,_,很保湿,功效,正面
379,_,干性,整体,正面
379,_,很棒,整体,正面
380,提亮效果,还不错,功效,正面
380,_,谢谢,整体,正面
381,_,还好,整体,正面
381,日期,新鲜,新鲜度,正面
382,_,不错,整体,正面
383,_,很好用,整体,正面
383,_,赞,整体,正面
384,涂上,比较自然,功效,正面
384,_,还行,整体,正面
385,_,喜欢,整体,正面
385,_,超,整体,正面
385,味道,香香的,气味,正面
385,快递,很给力,物流,正面
386,_,很服帖,使用体验,正面
386,_,很滋润,使用体验,正面
386,_,挺滋润的,使用体验,正面
386,_,比较干,使用体验,负面
387,_,可以,整体,正面
387,_,很好用,整体,正面
388,控油效果,没话说,功效,正面
388,_,好用,整体,正面
389,质量,好,其他,正面
389,_,很喜欢,整体,正面
390,反馈,不错,整体,正面
390,_,喜欢,整体,正面
390,_,试用,整体,正面
391,hellip,太好用了,整体,正面
392,_,还好,整体,正面
393,价格,购买,价格,正面
393,价格,非常的好用,价格,正面
393,轻薄,不油腻,使用体验,正面
393,轻薄,实惠,使用体验,正面
393,上妆,实惠,使用体验,正面
393,上妆,购买,使用体验,正面
394,质地,值得,使用体验,正面
394,质地,很自然,使用体验,正面
394,质地,推荐,使用体验,正面
394,_,回购,整体,正面
394,香味,淡淡,气味,正面
395,_,很喜欢,整体,正面
395,_,很好用,整体,正面
395,_,购买,整体,正面
396,_,不紧绷,使用体验,正面
396,_,好干净,使用体验,正面
397,补水功能,强大,功效,正面
398,保湿效果,确实不错,功效,正面
399,_,喜欢,整体,正面
399,快递,发,物流,正面
400,包装,很好,包装,正面
400,品牌 快递,很给力,包装,正面
400,早上,到,整体,中性
400,_,听,整体,正面
400,_,还可以,整体,正面
401,_,很喜欢,整体,正面
401,_,很好用,整体,正面
402,_,好用,整体,正面
402,_,挺好的,整体,正面
403,_,干皮,使用体验,正面
403,_,拔干,使用体验,正面
403,_,非常舒服,使用体验,正面
404,效果,非常好,功效,正面
404,_,好,整体,正面
404,_,很好,整体,正面
404,_,推荐,整体,正面
404,_,购买,整体,正面
404,_,非常好,整体,正面
405,活动,很划算,价格,正面
405,_,好用,整体,正面
405,_,超,整体,正面
406,盖子,上,包装,负面
406,_,差,整体,负面
407,hellip,好评,整体,正面
407,hellip,给了,物流,正面
408,补水效果,相当不错,功效,正面
408,_,特别多,成分,正面
408,_,喜欢,整体,正面
409,_,_,_,_
410,_,物美价廉,价格,正面
410,_,可以,整体,正面
411,_,不油腻,使用体验,正面
411,_,清爽,使用体验,负面
412,活动,_,价格,正面
412,_,不错,整体,正面
412,物流,很快,物流,正面
413,活动价,_,价格,正面
413,价格,很实惠,价格,正面
413,_,还可以,整体,正面
414,_,很划算,价格,正面
414,_,实用,整体,正面
414,_,推荐,整体,正面
415,_,非常喜欢,整体,正面
416,_,非常好用,整体,正面
417,价格,实惠,价格,正面
417,_,挺好的,整体,正面
417,_,还挺好用的,整体,正面
418,_,可以,整体,正面
418,_,很不错,整体,正面
418,_,是正品,真伪,正面
419,_,方便,使用体验,正面
419,_,很不错,整体,正面
420,罐,很小,尺寸,负面
421,补水效果,很好,功效,正面
421,_,很喜欢,整体,正面
422,活动,入手,价格,正面
422,活动,多,价格,正面
422,_,非常不错,整体,正面
423,_,_,_,_
424,精华,挺多的,成分,正面
424,_,蛮好的,整体,正面
425,效果,挺好,功效,正面
425,味道,好闻,气味,正面
426,_,很喜欢,整体,正面
426,物流速度,不错,物流,正面
427,_,便宜,价格,正面
427,_,实惠,价格,正面
427,_,物美价廉,价格,正面
427,水,可以,成分,正面
428,酒精味,浓,气味,正面
429,快递小哥服务,很不错,物流,正面
430,_,好评,整体,正面
430,_,挺喜欢,整体,正面
431,_,不油腻,使用体验,正面
431,_,比较清爽,使用体验,正面
431,_,到,整体,中性
431,物流,快,物流,正面
432,_,挺不错的,整体,正面
433,实用,非常不错,整体,正面
433,物流,超级给力,物流,正面
433,物流,非常快,物流,正面
434,_,还不错,整体,正面
435,_,很好用,整体,正面
436,_,很好用,整体,正面
436,_,购买,整体,正面
437,_,挺不错的,整体,正面
438,_,好用,整体,正面
438,_,很不错,整体,正面
439,_,贵,价格,负面
439,_,不油腻,使用体验,正面
439,_,好评,整体,负面
440,_,很喜欢,整体,正面
440,_,很好,整体,正面
440,_,很棒,整体,正面
440,_,很香,气味,正面
441,价位,可以,价格,正面
441,_,贵,价格,负面
441,精华,充足,成分,正面
441,_,还可以,整体,正面
442,_,不紧绷,使用体验,正面
442,_,很干净,功效,正面
442,_,很好用,整体,正面
443,_,很好用,整体,正面
443,_,推荐,整体,正面
444,_,优惠,价格,正面
444,_,期待,价格,正面
444,_,超级划算,价格,正面
444,_,大赞,整体,正面
445,白皙,用后,使用体验,正面
445,白皙,细腻,使用体验,正面
445,_,非常好用,整体,正面
445,味道,特别好闻,气味,正面
446,_,很喜欢用,整体,正面
447,精华,很多,成分,正面
447,_,非常好用,整体,正面
448,_,挺好的,整体,正面
448,物流,快额,物流,正面
449,_,挺好的,整体,正面
449,_,还可以,整体,正面
450,_,五分好评,整体,正面
450,_,喜欢,整体,正面
451,_,挺补水的,功效,正面
451,_,还可以,整体,正面
452,_,不错,整体,正面
452,_,很好用,整体,正面
453,效果,期待,功效,负面
453,保质期,_,新鲜度,中性
454,_,稍微有点干,使用体验,中性
454,_,显白,功效,正面
454,_,还行,整体,正面
454,物流,很快,物流,正面
455,_,_,_,_
456,宝贝质量,很好,其他,正面
456,现囤货,回购,整体,正面
456,现囤货,很好,整体,正面
456,现囤货,快,物流,正面
456,速度,快,物流,正面
457,_,不错,整体,正面
457,_,到,整体,中性
457,_,好,整体,正面
457,_,得,整体,正面
457,_,购买,整体,正面
457,快递速度,很快,物流,正面
458,_,温和不刺激,使用体验,正面
458,隔离效果,好,功效,正面
459,_,到,整体,中性
459,_,挺好的,整体,正面
459,店家,谢谢,服务,正面
459,物流,挺快的,物流,正面
460,赠品,还有,价格,正面
460,_,挺好用的,整体,正面
461,效果,很好,功效,正面
461,_,不错,整体,正面
462,_,很喜欢,整体,正面
462,_,购买,整体,正面
463,_,_,_,_
464,_,像正品,真伪,负面
465,配送,蛮快的,物流,正面
466,_,刺痛,使用体验,负面
466,_,过敏了,使用体验,负面
466,化学物质,多,成分,正面
466,购物,愉快,整体,负面
467,小样,还有,价格,正面
467,香味,淡淡的,气味,正面
467,香味,还不错,气味,正面
467,配送人员服务态度,好,物流,正面
468,_,很喜欢,整体,正面
468,_,特别好用,整体,正面
468,_,购买,整体,正面
469,保湿,不干,功效,正面
469,保湿,泡,功效,正面
469,_,很喜欢,整体,正面
469,_,洗面,整体,正面
470,_,挺好用的,整体,正面
471,_,快,物流,正面
472,_,上,整体,正面
472,_,好用,整体,正面
472,_,购买,整体,正面
472,_,是正品,真伪,正面
473,肌,刺痛,使用体验,负面
473,肌,不推荐,整体,负面
473,肌,敏感,整体,正面
474,海洋系列,可以,整体,正面
474,海洋系列,还不错,整体,正面
475,_,很补水,功效,正面
475,_,还不错,整体,正面
476,_,很划算,价格,正面
476,卸妆棉,还有,功效,正面
477,_,油,使用体验,负面
477,_,上脸,整体,负面
478,快递小哥,好评,物流,正面
478,快递小哥,支持,物流,正面
478,快递小哥,赞,物流,正面
479,赠品,_,价格,正面
479,_,用后,整体,正面
480,吸收,很舒服,使用体验,正面
480,吸收,润润的,使用体验,正面
480,香味闻起,很舒服,气味,正面
481,速度,很快,物流,正面
482,上妆效果,干,功效,负面
482,_,差,整体,负面
483,_,很多,其他,正面
483,_,赞一个,整体,正面
483,物流发货,快,物流,正面
484,真心,不错,整体,正面
484,购买,值得,整体,正面
485,吸收,挺好用的,使用体验,正面
485,吸收,挺快的,使用体验,正面
486,_,不好,整体,负面
487,_,挺好,整体,正面
488,肌肤,水水的,使用体验,正面
488,_,挺好,整体,正面
488,商家服务态度,很好,物流,正面
489,活动,很划算,价格,正面
489,_,很好用,整体,正面
490,_,超值,价格,正面
490,_,不错,整体,正面
491,购买,值得,整体,正面
491,_,特别好,整体,正面
491,_,非常喜欢,整体,正面
492,包装,_,包装,正面
493,价钱,合理,价格,正面
493,_,不会浮粉,使用体验,正面
493,_,很自然,功效,正面
493,包装,不错,包装,正面
493,_,容易,整体,正面
493,_,很好,整体,正面
493,香味,淡淡的,气味,正面
493,送货,快,物流,正面
494,_,便宜,价格,正面
495,_,还好,整体,正面
496,_,还行,整体,正面
497,_,_,_,_
498,_,坚持,整体,正面
498,_,很好用,整体,正面
499,_,回购,整体,正面
499,_,还不错,整体,正面
500,_,很好,整体,正面
500,_,是正品,真伪,正面
501,_,舒服,使用体验,负面
501,_,黏黏的,使用体验,负面
501,酒精味,重,气味,负面
502,活动,_,价格,正面
503,_,可以,整体,正面
503,_,提好用,整体,正面
504,_,油腻,使用体验,负面
504,_,泛白,使用体验,负面
504,涂真,很好用,整体,正面
504,_,还不错,整体,正面
505,_,购买,整体,正面
505,_,还不错,整体,正面
506,礼品,_,价格,正面
506,面,确实不错,成分,正面
507,_,滑滑的,使用体验,正面
507,_,完脸,整体,正面
507,_,很好用,整体,正面
508,粉质,推荐,使用体验,正面
508,粉质,细腻,使用体验,正面
508,保湿效果,不错,功效,正面
508,_,很好用,整体,正面
509,_,便宜,价格,正面
509,_,推荐,整体,正面
509,_,是正品,真伪,正面
510,_,不错,整体,正面
510,_,喜欢,整体,正面
511,_,不错,整体,正面
512,价格,买到,价格,正面
512,价格,真的很不错,价格,正面
512,质量,买到,其他,正面
512,质量,真的很不错,其他,正面
512,_,还不错,整体,正面
513,粉丝,好用,整体,正面
513,粉丝,美美哒,整体,正面
514,图,不油腻,其他,正面
514,图,很好用,其他,正面
514,图,打底,其他,负面
515,包装,很满意,包装,正面
515,_,很好用,整体,正面
515,_,购买,整体,正面
515,物流,很快,物流,正面
516,包装,不一样,包装,负面
516,包装,快,包装,正面
516,包装,比较优惠,包装,正面
516,服务,好,服务,正面
516,专柜,不一样,气味,负面
516,物流,快,物流,正面
517,_,好用,整体,正面
518,_,很实惠,价格,正面
518,贴敷感,挺好的,整体,正面
519,_,满意,整体,正面
519,_,棒,物流,正面
520,包装,不好,包装,负面
520,包装,还不错,包装,正面
521,吸收,太多了,使用体验,负面
521,吸收,很多,使用体验,正面
521,水,很多,成分,正面
522,爱起泡沫,很好闻,使用体验,正面
522,_,很温和,使用体验,正面
522,爱起泡沫,很细腻,使用体验,正面
522,泡沫,很细腻,使用体验,正面
522,爱起泡沫,是正品,使用体验,正面
522,味道,很好闻,气味,正面
523,_,假的,真伪,负面
524,_,_,_,_
525,_,很好,整体,正面
526,_,很喜欢,整体,正面
526,_,购买,整体,正面
527,_,可以,整体,正面
527,_,很方便,整体,正面
528,_,不敢用,整体,负面
529,推开,很好,使用体验,正面
529,效果,很好,功效,正面
529,效果,期待,功效,正面
529,味道,很好,气味,正面
530,_,便宜,价格,正面
530,_,很好,整体,正面
531,同事们,很自然,功效,正面
531,_,不错,整体,正面
532,价位,_,价格,正面
532,效果,不错,功效,正面
533,性价比,不错,价格,正面
533,价格,实惠,价格,正面
533,_,还不错,整体,正面
534,_,方便,使用体验,正面
534,色,很正,功效,正面
534,_,挺好的,整体,正面
535,_,_,_,_
536,降价,_,价格,负面
536,_,垃圾,整体,负面
537,_,不是很白,功效,负面
537,_,还行,整体,正面
537,味道,可以,气味,正面
538,性价比,高,价格,正面
538,品牌 物流,非常快,物流,正面
539,遮暇,一般,功效,中性
539,_,自然,功效,正面
539,_,不错,整体,正面
540,_,温和,使用体验,负面
540,_,滑滑的,使用体验,正面
540,效果,没什么,功效,负面
541,收货,不错,物流,正面
541,收货,挺好的,物流,正面
542,补水,_,功效,正面
542,保湿,不油腻,功效,正面
542,保湿,清爽,功效,负面
542,_,到,整体,中性
542,_,要,整体,负面
543,降价,快,价格,正面
543,_,坑,整体,负面
544,补水,不错,功效,正面
544,补水,挺好用的,功效,正面
545,包装,很简陋,包装,正面
546,礼物,_,价格,正面
546,补水效果,不错,功效,正面
546,顾客,老,整体,正面
547,_,实惠,价格,正面
547,_,是正品,真伪,正面
548,_,很实惠,价格,正面
548,_,很满意,整体,正面
549,物流,感谢,物流,正面
550,_,很满意,整体,正面
550,物流,值得,物流,正面
551,清洁能力,差,功效,负面
551,_,不好,整体,负面
551,香味,太浓,气味,负面
552,_,优惠,价格,正面
552,_,到,价格,中性
553,_,很讨厌,整体,负面
553,味道,形容,气味,正面
554,_,不卡粉,使用体验,正面
554,_,滑滑的,使用体验,正面
554,上装,很自然,功效,正面
554,上装皮肤,明显,功效,正面
554,上装皮肤,白了一个度,功效,正面
554,_,很喜欢,整体,正面
554,_,很好用,整体,正面
554,上装皮肤,紫色,整体,正面
555,_,挺滋润,使用体验,正面
555,_,还不错,整体,正面
556,货物包装,精致,包装,正面
556,_,信任,整体,正面
556,_,挺好的,整体,正面
556,态度,话说,服务,正面
557,盒子,小,包装,正面
557,品牌 快递,很快,包装,正面
557,下午,到,整体,中性
557,_,很好,整体,正面
557,_,推荐,整体,正面
557,_,购买,整体,正面
558,_,很好用,整体,正面
559,_,不错,整体,正面
559,会员,老,整体,正面
560,_,不好,整体,负面
560,_,好用,整体,正面
561,_,很舒服,使用体验,正面
561,精华,很多,成分,正面
562,吸收,挺好,使用体验,正面
563,_,_,_,_
564,补水,_,功效,正面
565,_,不错,整体,正面
566,包装,很不错,包装,正面
566,_,购买,整体,正面
566,_,还可以,整体,正面
567,_,好,整体,正面
568,肤色,调整,功效,正面
568,_,不错,整体,正面
568,_,挺好的,整体,正面
568,_,蛮好用,整体,正面
568,味道,大点,气味,正面
569,遮暇,不是很白,功效,负面
569,遮暇,太差劲了,功效,正面
570,肤色,不适合,功效,负面
570,_,太白了,功效,负面
570,味道,大,气味,正面
571,_,很不错,整体,正面
572,泡泡,不好用,使用体验,负面
572,泡泡,没有,使用体验,负面
572,泡泡,洗不干净,使用体验,负面
572,味道,很大,气味,正面
572,味道,洗不干净,气味,负面
573,效果,不错,功效,正面
573,清香,不错,气味,正面
573,清香,很好,气味,正面
574,_,好划算,价格,正面
574,_,回购,整体,正面
575,_,不敢用,整体,负面
576,_,蛮好的,整体,正面
576,_,购买,整体,正面
577,泡沫,细腻,使用体验,正面
577,清洁能力,强,功效,正面
577,清洁能力,温和不刺激,功效,正面
577,爱,回购,整体,正面
577,_,非常的好用,整体,正面
578,_,挺干的,使用体验,负面
578,持妆效果,还可以,功效,正面
579,_,特别好用,整体,正面
580,礼物,小,价格,正面
580,_,不错,整体,正面
580,_,好,整体,正面
580,_,很好,整体,正面
580,店家,有心,服务,正面
581,_,打开,整体,正面
582,_,滑滑的,使用体验,正面
582,保湿效果,很好,功效,正面
582,_,好用,整体,正面
583,_,很不错,整体,正面
583,购物,很满意,整体,正面
584,_,透气,使用体验,正面
584,_,好,整体,正面
584,_,满意,整体,正面
585,盒装,便宜,价格,正面
585,_,油腻,使用体验,负面
585,盒子,便宜,包装,正面
585,盒子,粗糙,包装,负面
586,_,信任,整体,正面
586,_,很喜欢,整体,正面
586,_,很好,整体,正面
586,_,购买,整体,正面
587,隔离,很不错,功效,正面
588,肤质 干皮,适合,使用体验,正面
588,持久情况,挺香的,功效,正面
588,持久情况,还好,功效,正面
588,持久情况,适合,功效,正面
589,_,是正品,真伪,正面
590,_,润,使用体验,正面
590,补水效果,好,功效,正面
590,_,好用,整体,正面
591,包装,土,包装,正面
591,包装,高大上,包装,正面
592,_,不刺激,使用体验,正面
592,_,好用,整体,正面
593,包装,很漂亮,包装,正面
593,颜值,高,包装,正面
593,_,上,整体,正面
593,_,喜欢,整体,正面
593,_,贴,整体,负面
594,保湿效果,不错,功效,正面
595,_,挺细腻,使用体验,正面
595,效果,希望,功效,正面
595,_,谢谢,整体,正面
595,速度,飞快,物流,正面
595,快递小哥,飞快,物流,正面
596,_,好评,整体,正面
597,_,很好,整体,正面
598,_,不敢用,整体,负面
599,隔离效果,不好,功效,负面
600,_,可以,整体,正面
600,_,挺好的,整体,正面
601,细腻,不油腻,使用体验,正面
601,细腻,均匀,使用体验,正面
601,用完,很自然,功效,正面
601,_,喜欢,整体,正面
602,赠品,还有,价格,正面
602,_,很自然,功效,正面
602,_,购买,整体,正面
602,_,还不错,整体,正面
602,_,很香,气味,正面
603,_,骗人的,整体,负面
604,_,很舒服,使用体验,正面
604,保湿效果,真的不错,功效,正面
604,真心,不错,整体,正面
604,_,干性,整体,正面
604,_,贴在,整体,正面
605,保湿,很自然,功效,正面
605,涂上,很自然,功效,正面
605,_,购买,整体,正面
605,_,非常不错,整体,正面
606,涂少量,很自然,功效,正面
606,_,好用,整体,正面
606,_,好评,整体,正面
607,_,值,整体,正面
607,_,非常好,整体,正面
607,_,非常快,物流,正面
608,_,方便,使用体验,正面
608,效果,不错,功效,正面
609,价格,实惠,价格,正面
609,_,很补水,功效,正面
609,精华,很多,成分,正面
609,_,挺好,整体,正面
610,精华,少了点,成分,负面
610,_,喜欢,整体,正面
610,_,超级好,整体,正面
610,_,很好闻,气味,正面
611,包装,好的,包装,正面
611,_,希望,整体,负面
612,价格,贵,价格,负面
612,_,不知道真假,真伪,中性
613,_,还不错,整体,正面
614,同事们,不错,整体,正面
614,同事们,好用,整体,正面
614,_,推荐,整体,正面
614,同事们,超级好用,整体,正面
615,味道,好闻,气味,正面
615,味道,没用,气味,负面
615,味道,还可以,气味,正面
616,_,很多,其他,正面
616,_,还不错,整体,正面
617,_,很喜欢,整体,正面
618,价格,划算,价格,正面
618,价格,好,价格,正面
618,补水效果,挺好的,功效,正面
618,购买,值得,整体,正面
619,_,不好用,整体,负面
620,产品效果,很好,功效,正面
621,外包装感觉,挺好看的,包装,正面
621,_,上,整体,正面
621,_,紫色,整体,正面
621,_,还不错,整体,正面
622,_,优惠,价格,正面
622,_,值得,整体,正面
622,_,购买,整体,正面
623,保湿效果,非常好,功效,正面
623,_,推荐,整体,正面
623,_,要,整体,正面
624,_,不错,整体,正面
625,_,划算,价格,正面
625,_,很舒服,使用体验,正面
625,_,推荐,整体,正面
626,_,不干,使用体验,正面
626,_,完脸,整体,正面
626,_,很好用,整体,正面
627,香味,_,气味,正面
627,水货,不一样,气味,负面
628,活动,搞,价格,正面
628,送货,亏,物流,正面
628,初一,大年,物流,正面
628,送货,搞,物流,正面
628,送货,物美价廉,物流,正面
628,物流,非常满意,物流,正面
628,送货,非常满意,物流,正面
629,_,很不错,整体,正面
629,速度,快,物流,正面
630,包装,严实,包装,正面
630,包装,到位,包装,正面
630,物流,快捷,物流,正面
630,物流,给力,物流,正面
631,包装,_,包装,正面
632,轻薄,一点也不干,使用体验,正面
632,轻薄,特别服帖,使用体验,正面
632,轻薄,透气,使用体验,正面
633,_,便宜很多,价格,正面
634,量,太少了,其他,负面
634,_,好小,尺寸,负面
634,紫色,选,整体,正面
635,_,不紧绷,使用体验,正面
635,紫色,洗面,整体,正面
635,味道,刺鼻,气味,正面
635,味道,没有,气味,负面
635,_,香香的,气味,正面
636,_,拔干,使用体验,负面
636,遮瑕,一般,功效,中性
636,_,不错,整体,正面
637,_,好,整体,正面
637,_,很好,整体,正面
637,_,非常好,整体,正面
638,_,水水的,使用体验,正面
638,_,润润的,使用体验,正面
638,服务,快,服务,正面
638,快递,_,物流,负面
638,品牌 小哥,好,物流,正面
638,送货速度,快,物流,正面
639,老婆大人,很满意,整体,正面
639,关键,很满意,整体,正面
639,购物,非常棒,整体,正面
640,水润度,还不错,整体,正面
641,_,不推荐,整体,负面
642,_,很多,其他,正面
642,_,不错,整体,正面
643,购买,值得,整体,正面
643,_,还不错,整体,正面
644,体验,不错,整体,正面
644,体验,用后,整体,正面
645,_,过敏了,使用体验,负面
646,_,非常喜欢,整体,正面
647,_,是正品,真伪,正面
648,_,很舒服,使用体验,正面
648,_,推荐,整体,正面
649,包装,没,包装,负面
649,_,可以,整体,正面
650,_,上,整体,正面
650,_,很好,整体,正面
651,提亮,好用,功效,正面
651,真心,好用,整体,正面
652,_,很好,整体,正面
653,泡沫,丰富,使用体验,正面
653,_,清洁,功效,正面
653,_,喜欢,整体,正面
654,_,很划算,价格,正面
654,活动,很多,价格,正面
654,_,挺好用的,整体,正面
655,_,有点滑,使用体验,中性
655,_,可以,整体,正面
655,味道,淡淡的,气味,正面
656,效果,不错,功效,正面
656,_,干,整体,正面
657,保湿效果,不错,功效,正面
657,_,挺好用的,整体,正面
657,_,挺好的,整体,正面
657,_,还有,整体,正面
658,_,挺保湿的,功效,正面
658,_,干,整体,负面
659,客户,不错,整体,正面
659,_,喜欢,整体,正面
659,客户,老,整体,正面
660,老妈,相信,真伪,正面
661,_,还不错,整体,正面
661,_,还可以,整体,正面
662,包装,很好,包装,正面
662,物流,快,物流,正面
663,_,很好,整体,正面
663,_,非常不错,整体,正面
664,泡沫,多,使用体验,正面
664,_,还保湿,功效,正面
664,_,挺好的,整体,正面
665,_,假,整体,正面
666,贴合,很好,使用体验,正面
666,保湿效果,很好,功效,正面
667,_,很好用,整体,正面
668,_,不刺激,使用体验,正面
668,_,很棒,整体,正面
668,品牌 物流,快,物流,正面
669,_,很细,使用体验,正面
669,_,还不错,整体,正面
670,_,很不错,整体,正面
670,_,满意,整体,正面
671,_,得,整体,正面
671,_,用后,整体,正面
671,快递,挺快的,物流,正面
672,补水效果,棒,功效,正面
672,精华,比较多,成分,正面
672,_,不错,整体,正面
672,_,好用,整体,正面
672,_,推荐,整体,正面
672,_,购买,整体,正面
673,效果,很好,功效,正面
673,_,很满意,整体,正面
674,_,优惠,价格,正面
674,_,便宜,价格,正面
674,气味,还好,气味,正面
675,个人,不好用,整体,负面
676,_,很划算,价格,正面
676,_,很舒服,使用体验,正面
677,赠品,多,价格,正面
677,价格,实惠,价格,正面
677,_,方便,使用体验,正面
677,面膜质量,好,其他,正面
677,效果,好,功效,正面
677,包装,完整,包装,正面
677,快递,很快,物流,正面
678,_,划算,价格,正面
678,_,不错,整体,正面
679,_,很喜欢,整体,正面
680,价钱,不卡粉,价格,正面
680,价钱,优惠,价格,正面
680,保湿,还行,功效,正面
681,单,到,整体,中性
681,中午,到,整体,中性
681,_,推荐,整体,正面
681,快递小哥,到,物流,中性
681,快递小哥,超快,物流,正面
681,速度,超快,物流,正面
681,单,超快,物流,正面
682,活动,_,价格,正面
682,_,超值,价格,正面
682,_,够用,整体,正面
683,_,回,整体,正面
683,_,挺好的,整体,正面
684,_,不浮粉,使用体验,正面
684,_,很轻薄,使用体验,正面
685,_,便宜,价格,正面
685,_,粘,整体,负面
685,_,还行,整体,正面
686,遮瑕效果,不错,功效,正面
686,提亮,不错,功效,正面
686,_,不错,整体,正面
686,_,挺好用的,整体,正面
687,_,很舒服,使用体验,正面
687,_,很薄,使用体验,正面
687,_,好,整体,正面
688,_,很好用,整体,正面
689,活动,_,价格,正面
689,价格,很优惠,价格,正面
689,_,很好,整体,正面
690,_,推荐,整体,正面
690,_,还不错,整体,正面
691,隔离,值得推荐,功效,正面
691,物流,不错,物流,正面
691,物流,很快,物流,正面
692,_,不错,整体,正面
692,物流,快,物流,正面
693,遮暇效果,非常不错,功效,正面
693,_,很好,整体,正面
693,_,很好用,整体,正面
693,_,紫色,整体,正面
694,个人,便宜,价格,正面
694,_,好用,整体,正面
695,_,特别好用,整体,正面
696,活动,搞,价格,正面
697,货物包装,精致,包装,正面
697,_,信任,整体,正面
697,_,挺好的,整体,正面
697,态度,话说,服务,正面
698,上妆,贴,使用体验,正面
698,偏黄皮肤,可以,整体,正面
698,_,好评,整体,正面
699,_,5星好评,整体,正面
699,_,推荐,整体,正面
699,时间,追加,物流,正面
700,_,不好用,整体,负面
700,_,失望,整体,负面
701,瓶子,好看,包装,正面
701,_,好用,整体,正面
702,_,很不错,整体,正面
702,_,很好,整体,正面
703,店里,划算,价格,正面
703,活动力度,可以,价格,正面
703,店里,很多,成分,正面
703,_,还可以,整体,正面
704,外壳,打开,包装,正面
704,时候,到,整体,中性
704,时候,弄,整体,正面
704,_,无语,整体,负面
704,臭塑料味,打开,气味,正面
704,_,假的,真伪,负面
705,_,生气,整体,负面
705,物流速度,快,物流,正面
706,补水效果,不错,功效,正面
706,物流,挺快的,物流,正面
707,_,不错,整体,正面
707,_,满意,整体,正面
708,_,还不错,整体,正面
709,_,很服贴,使用体验,正面
709,_,卵,整体,正面
709,_,好,整体,正面
709,_,很好,整体,正面
710,补水效果,没有,功效,负面
711,_,很划算,价格,正面
711,_,挺好的,整体,正面
712,_,好,整体,正面
712,物流,很快,物流,正面
713,_,挺干净的,功效,正面
713,_,挺好用,整体,正面
714,_,_,_,_
715,购物,不错,整体,正面
715,购物,很棒,整体,正面
715,物流,超快,物流,正面
716,补水效果,还不错,功效,正面
717,_,满意,整体,正面
718,肤色,改变,功效,正面
718,_,挺好的,整体,正面
718,_,推荐,整体,正面
718,_,购买,整体,正面
719,_,过敏了,使用体验,负面
719,_,不好,整体,负面
720,_,超实惠,价格,正面
720,_,不油腻,使用体验,正面
720,美白效果,不错,功效,正面
720,_,挺好,整体,正面
720,_,挺好的,整体,正面
721,_,不错,整体,正面
722,痘痘,不适合,使用体验,负面
722,肌肤,清爽,使用体验,正面
723,_,一般,整体,中性
724,_,还不错,整体,正面
725,_,不过敏,使用体验,正面
725,_,好评,整体,正面
725,_,挺好用的,整体,正面
726,价钱,便宜,价格,正面
726,发货,快,物流,正面
726,_,是正品,真伪,正面
727,补水,_,功效,正面
727,保湿,_,功效,中性
727,乳紫色,很好用,整体,正面
728,精华,少了点,成分,负面
728,_,还可以,整体,正面
729,_,很好用,整体,正面
730,_,不错,整体,正面
731,_,一般,整体,中性
731,_,不好,整体,负面
732,_,明显,功效,正面
732,_,很不错,整体,正面
732,女友,很喜欢,整体,正面
733,_,一般,整体,中性
734,性价比,高,价格,正面
734,水润,光滑,使用体验,正面
734,水润,细腻,使用体验,正面
734,_,很好用,整体,正面
735,_,便宜,价格,正面
735,_,很划算,价格,正面
735,_,还不错,整体,正面
735,_,还好,整体,正面
736,物流,挺快,物流,正面
737,降价,_,价格,负面
737,_,差评,整体,负面
737,_,赠,整体,正面
738,_,很实惠,价格,正面
738,水分,足,成分,正面
738,购买,值得,整体,正面
738,_,很不错,整体,正面
738,物流,快,物流,正面
739,_,很满意,整体,正面
739,_,非常喜欢,整体,正面
740,_,挺满意的,整体,正面
741,补水效果,不错,功效,正面
741,_,推荐,整体,正面
742,_,很划算,价格,正面
742,_,好,整体,正面
742,物流,到,物流,中性
742,物流,很快,物流,正面
743,清洁能力,好用,功效,正面
743,个人情况,好用,整体,正面
744,_,很不错,整体,正面
744,_,很棒,整体,正面
744,味道,好闻,气味,正面
745,肤色,比较好,功效,正面
745,_,挺好用的,整体,正面
746,_,不错,整体,正面
747,发货速度,挺快,物流,正面
748,推开,挺好,使用体验,正面
748,推开,清楚,使用体验,负面
748,防晒效果,清楚,功效,负面
749,礼品,感谢,价格,正面
750,效果,很好,功效,正面
750,_,是正品,真伪,正面
751,性价比,很高,价格,正面
751,_,很不错,整体,正面
751,_,购买,整体,正面
751,服务,好,服务,正面
751,服务,非常快,服务,正面
751,送货,非常快,物流,正面
752,_,清爽,使用体验,正面
752,_,还好,整体,正面
753,体验感好,便宜,价格,正面
753,购物,便宜,价格,正面
753,价格,便宜,价格,正面
753,给力,便宜,价格,正面
753,_,很喜欢,整体,正面
753,给力,快,物流,正面
753,物流速度,快,物流,正面
753,体验感好,快,物流,正面
753,购物,快,物流,正面
754,_,回,整体,正面
754,_,还好,整体,正面
755,_,实惠,价格,正面
755,_,很好,整体,正面
755,_,很方便,整体,正面
755,_,购买,整体,正面
755,_,很快,物流,正面
756,_,好,整体,正面
757,效果,一样,功效,正面
757,_,好用,整体,正面
758,质量,杠杠滴,其他,正面
758,_,很不错,整体,正面
758,_,棒棒哒,整体,正面
758,_,快,物流,正面
758,_,超级快,物流,正面
759,_,还可以,整体,正面
760,活动,不错,价格,正面
761,活动给力,多,价格,正面
762,_,温和不刺激,使用体验,正面
762,质量,不错,其他,正面
762,包装,很好,包装,正面
763,网购,失望,整体,负面
763,_,确实不错,整体,正面
763,老板,大大的,服务,中性
764,有钱人,贵,价格,负面
764,_,还好,整体,正面
764,人,便宜,物流,正面
765,粉丝,到,整体,中性
765,_,很不错,整体,正面
765,粉丝,老,整体,正面
765,发货,很快,物流,正面
766,_,很值,价格,正面
766,活动,搞,价格,正面
766,_,赞,整体,正面
767,_,好用,整体,正面
767,_,购买,整体,正面
768,_,不错,整体,正面
769,_,不错,整体,正面
770,_,很喜欢,整体,正面
770,味道,喜欢,气味,正面
771,隔离效果,很棒,功效,正面
771,_,可以,整体,正面
771,_,购买,整体,正面
771,物流,很快,物流,正面
772,降价,生气,价格,负面
773,提亮肤色,满分,功效,正面
773,_,太棒了,整体,正面
774,_,方便,使用体验,正面
774,_,还不错,整体,正面
775,_,相信,整体,正面
775,保障服务,好,物流,正面
775,送货,快,物流,正面
776,_,不好用,整体,负面
776,_,到,气味,中性
776,味道,刺鼻,气味,负面
776,_,难闻,气味,负面
777,_,挺水润,使用体验,正面
778,货好货,便宜,价格,负面
778,话,便宜,价格,负面
778,水,一样,成分,正面
778,_,不好,整体,负面
778,货好货,好,整体,负面
778,味道,还有,气味,正面
779,保湿效果,很好,功效,正面
779,_,喜欢,整体,正面
779,_,好用,整体,正面
779,_,干,整体,负面
780,自然,喜欢,使用体验,正面
780,自然,好看,使用体验,正面
780,颜色味道,喜欢,功效,正面
780,颜色味道,好看,功效,正面
780,_,很自然,功效,正面
781,网上,便宜,价格,正面
782,礼物,小,价格,正面
782,真心,不错,整体,正面
782,_,买到,整体,正面
782,_,到手,整体,正面
782,_,试用,整体,正面
783,_,很多,其他,正面
783,补水效果,很不错,功效,正面
783,_,好,整体,正面
784,_,好多,价格,正面
784,补水效果,挺不错的,功效,正面
784,品牌 快递,快,包装,正面
784,购物,愉快,整体,正面
785,_,挺舒服的,使用体验,正面
785,瓶子,很好看,包装,正面
785,_,挺喜欢的,整体,正面
785,_,挺好的,整体,正面
785,_,还不错,整体,正面
786,_,_,_,_
787,_,很干,使用体验,负面
787,_,不值,整体,负面
788,_,还不错,整体,正面
788,速度,很快,物流,正面
789,_,挺好用的,整体,正面
790,_,不好,整体,负面
791,_,太干,使用体验,正面
791,打底,不错,整体,正面
792,_,_,_,_
793,_,很好用,整体,正面
793,_,推荐,整体,正面
793,_,很好闻,气味,正面
793,味道,淡淡的,气味,正面
794,_,_,_,_
795,效果,期待,功效,正面
795,外观,漂亮,包装,正面
796,补水效果,真的好,功效,正面
796,_,非常满意,整体,正面
796,物流,很快,物流,正面
797,_,很适合,整体,正面
798,下午,到,整体,中性
798,_,快,物流,正面
799,补水,_,功效,正面
799,补水,不错,功效,正面
799,效果,很不错,功效,正面
799,效果,得,功效,正面
800,_,还不错,整体,正面
801,盒子,很好看,包装,正面
801,_,好用,整体,正面
801,_,希望,整体,正面
802,价格,很美丽,价格,正面
802,效果,很好,功效,正面
802,香味,淡淡的,气味,正面
802,香味,还有,气味,正面
803,_,很舒服,使用体验,正面
803,_,很好,整体,正面
803,_,购买,整体,正面
804,包装,不一样,包装,负面
804,包装,快,包装,正面
804,包装,比较优惠,包装,正面
804,服务,好,服务,正面
804,专柜,不一样,气味,负面
804,物流,快,物流,正面
805,价格,实惠,价格,正面
805,同学,推荐,价格,正面
805,同学,挺好的,整体,正面
806,_,应该还可以,整体,正面
806,_,挺好用的,整体,正面
807,活动,没有,价格,负面
807,活动,给力,价格,正面
807,_,挺合适的,整体,正面
808,_,很好,整体,正面
809,_,好评,整体,正面
809,客户,老,整体,正面
810,_,很好,整体,正面
810,味道,喜欢,气味,正面
810,味道,淡淡的,气味,正面
811,_,很薄,使用体验,正面
811,补水效果,不错,功效,正面
811,_,非常好用,整体,正面
812,_,还不错,整体,正面
813,上妆,容易,使用体验,正面
813,_,比较水润,使用体验,正面
813,_,挺好用的,整体,正面
813,物流,很快,物流,正面
814,活动,_,价格,正面
814,_,很划算,价格,正面
815,图片,完好,包装,正面
815,包装,完好,包装,正面
815,图片,上,整体,正面
815,图片,差不多,整体,正面
816,品牌 快递,值得,包装,正面
816,品牌 快递,支持,包装,正面
816,表扬,值得,整体,正面
817,清洁能力,_,功效,中性
817,_,期待,整体,正面
817,_,购买,整体,正面
817,物流,太给力了,物流,正面
817,_,超级快,物流,正面
818,_,不刺激,使用体验,正面
818,_,很温和,使用体验,正面
818,_,不错,整体,正面
819,补水效果,好用,功效,正面
819,补水效果,棒棒哒,功效,正面
820,活动价,_,价格,正面
820,效果,好,功效,正面
821,_,评论,整体,负面
821,_,还不错,整体,正面
822,_,很服帖,使用体验,正面
822,浮粉,没有,使用体验,负面
822,_,用上,使用体验,负面
823,_,很喜欢,整体,正面
824,_,很好用,整体,正面
825,质量,不错,其他,正面
825,_,购买,整体,正面
825,_,非常满意,整体,正面
826,_,更好,整体,正面
826,_,期待,整体,正面
827,推开,不错,使用体验,正面
827,推开,很好,使用体验,正面
827,_,细腻,使用体验,正面
827,肤色,均匀,功效,正面
827,肤色,很好,功效,正面
827,棒哒,棒,物流,正面
828,_,好用,整体,正面
828,_,希望,整体,正面
828,速度,挺快,物流,正面
828,快递员,谢谢,物流,正面
828,_,辛苦了,物流,正面
829,补水效果,挺好的,功效,正面
830,小哥人,很好,物流,正面
830,物流,很快,物流,正面
831,_,是正品,真伪,正面
832,油,不多,功效,中性
832,油,有点点,功效,中性
832,油,还可以,功效,正面
833,泡泡,没有,使用体验,负面
833,_,油,使用体验,负面
833,乳液,_,成分,中性
833,老店,不会差,整体,正面
833,_,垃圾,整体,负面
834,_,挺好的,整体,正面
834,_,是正品,真伪,正面
835,_,挺好的,整体,正面
835,_,比较慢,物流,负面
836,性价比,高,价格,正面
836,滋润,一般,使用体验,中性
836,_,很好推开,使用体验,正面
836,保湿程度,一般,功效,中性
836,保湿 滋润,一般,功效,中性
836,成分,含有,成分,正面
836,成分,老,成分,正面
837,价位,买到,价格,正面
837,价位,还不错,价格,正面
837,_,很喜欢,整体,正面
838,_,很好,整体,正面
839,上妆效果,挺好的,功效,正面
839,上妆效果,还行,功效,正面
839,油性皮肤,适合,整体,正面
840,包装,还可以,包装,正面
841,活动价,_,价格,正面
841,_,好用,整体,正面
841,_,超,整体,正面
842,泡泡,比较少,使用体验,负面
842,_,还行,整体,正面
842,_,不太喜欢,气味,负面
842,_,太香了,气味,负面
842,_,很香,气味,正面
843,_,不错,整体,正面
843,_,划,整体,正面
843,_,小,整体,正面
843,_,得,整体,正面
843,物流,蛮快的,物流,正面
844,_,不干,使用体验,正面
844,_,好用,整体,正面
844,_,完脸,整体,正面
844,_,超,整体,正面
844,_,香香的,气味,负面
845,_,值得,整体,正面
845,_,很不错,整体,正面
845,_,相信,整体,正面
845,_,购买,整体,正面
845,_,是正品,真伪,正面
846,_,便宜,价格,正面
846,_,很划算,价格,正面
846,_,贴,价格,正面
846,_,5星好评,整体,正面
846,_,习惯,整体,正面
846,_,好评,整体,正面
846,品牌 物流,超级快,物流,正面
847,_,很实惠,价格,正面
848,保湿,挺好的,功效,正面
848,_,不错,整体,正面
848,_,到,整体,中性
848,快递,很快,物流,正面
849,活动,挺划算的,价格,正面
850,_,没收到,价格,正面
850,地址,发错,物流,负面
851,_,滑滑的,使用体验,正面
851,_,完脸,整体,正面
851,_,还不错,整体,正面
852,效果,棒棒哒,功效,正面
852,_,很好用,整体,正面
852,_,推荐,整体,正面
853,个人情况,不是特别油腻,使用体验,正面
853,轻薄,好,使用体验,正面
854,质量,不错,其他,正面
854,_,不错,整体,正面
854,_,用用,整体,正面
854,_,随便,整体,负面
855,保湿效果,挺好的,功效,正面
855,_,是正品,真伪,正面
856,包装,挺好的,包装,正面
856,_,用后,整体,正面
856,扫码,是正品,真伪,正面
857,_,比较满意,整体,正面
857,_,还可以,整体,正面
858,_,很好,整体,正面
858,_,还不错,整体,正面
859,正品,很好,真伪,正面
860,十一,划算多了,价格,正面
860,网上,方便,使用体验,正面
860,保湿,一直用,功效,正面
860,_,很好用,整体,正面
860,网上,购买,整体,正面
861,_,有点油,使用体验,负面
861,防摩擦,很贴心,包装,正面
861,散粉,上,整体,正面
861,散粉,很棒,整体,正面
862,_,到,整体,中性
862,_,送到,整体,正面
862,快递,到,物流,中性
863,_,_,_,_
864,_,喜欢,整体,正面
864,_,很好用,整体,正面
865,_,挺保湿的,功效,正面
865,_,黏腻,整体,正面
866,_,贵,价格,正面
866,_,挺好用,整体,正面
866,_,推荐,整体,正面
866,_,香香的,气味,正面
867,_,能遮暇,功效,负面
867,_,希望,整体,正面
867,_,还可以,整体,正面
868,_,超值,价格,正面
868,赠品,还有,价格,正面
868,_,不错,整体,正面
868,_,好,整体,正面
868,_,很喜欢,整体,正面
868,_,试用,整体,正面
869,_,非常好用,整体,正面
870,_,不错,整体,正面
871,_,便宜,价格,正面
871,_,还不错,整体,正面
872,_,不刺激,使用体验,正面
872,_,光滑,使用体验,正面
872,_,很保湿,功效,正面
872,补水效果,非常好,功效,正面
872,精华,嫩嫩的,成分,正面
872,精华,完水,成分,正面
872,精华,很多,成分,正面
873,包装,漂亮,包装,正面
873,包装,精美,包装,正面
873,_,挺好的,整体,正面
873,_,正品,真伪,正面
874,恒润乳,特别好,功效,正面
874,_,五星,整体,正面
874,品牌 家,好多,整体,正面
874,_,好评,整体,正面
874,客服,很贴心,服务,正面
875,_,细腻,使用体验,正面
875,味道,_,气味,中性
876,_,便宜,价格,正面
877,购买,挺多的,成分,正面
877,购买,值得,整体,正面
877,_,挺好用的,整体,正面
878,_,回购,整体,正面
878,_,很喜欢,整体,正面
879,_,很轻薄,使用体验,正面
879,_,不错,整体,正面
880,活动,_,价格,正面
880,保湿补水,应该不错,功效,正面
881,_,超级划算,价格,正面
881,真心,很服帖,使用体验,正面
881,真心,贴,使用体验,正面
881,真心,不错,整体,正面
882,补水,很好用,功效,正面
882,补水,贴,功效,正面
882,补水,非常好,功效,正面
882,精华,好多,成分,正面
882,蚕,贴,成分,正面
883,_,大爱呀,整体,正面
883,_,非常喜欢,整体,正面
884,送货,高效,物流,正面
885,_,舒服,使用体验,正面
885,_,超,整体,正面
885,_,还可以,整体,正面
886,_,非常实惠,价格,正面
886,_,还不错,整体,正面
887,_,_,_,_
888,遮瑕,好用,功效,正面
888,遮瑕,白,功效,正面
889,价格,实惠,价格,正面
889,_,购买,整体,正面
889,_,购买,整体,负面
889,快递速度,快,物流,正面
889,快递速度,没,物流,负面
890,活动,_,价格,正面
890,价格,亲民,价格,正面
890,_,好多,价格,正面
890,_,还行,整体,正面
891,_,很满意,整体,正面
891,_,购买,整体,正面
892,_,非常好用,整体,正面
893,东西质量,很好,其他,正面
893,_,回购,整体,正面
894,购物,愉快,整体,正面
895,_,一如既往的好,整体,正面
896,_,好用,整体,正面
897,_,_,_,_
898,_,很喜欢,整体,正面
898,_,很好用,整体,正面
899,泡沫,没有,使用体验,负面
899,人,洗不干净,物流,负面
900,_,喜欢,整体,正面
900,_,挺好,整体,正面
900,_,购买,整体,正面
901,_,非常滋润,使用体验,正面
902,活动,_,价格,正面
902,_,物美价廉,价格,正面
902,_,五星,整体,正面
902,_,好评,整体,正面
903,_,方便,使用体验,正面
903,设计,挺好,其他,正面
903,清洁,挺干净的,功效,正面
903,水,不刺激,成分,正面
903,_,喜欢,整体,正面
904,_,还不错,整体,正面
904,_,很快,物流,正面
905,_,很满意,整体,正面
905,_,香香的,气味,正面
906,_,小,整体,正面
906,快寄,很给力,物流,正面
907,活动,_,价格,正面
907,_,超划算,价格,正面
907,_,nice,整体,正面
907,_,好用,整体,正面
907,_,棒棒哒,整体,正面
907,_,是正品,真伪,正面
908,礼物,谢谢,价格,正面
908,_,很保湿,功效,正面
908,精华,很多,成分,正面
909,_,到,整体,中性
909,_,好,整体,正面
909,超喜欢,棒棒,整体,正面
909,_,超级满意,整体,正面
909,物流,快,物流,正面
910,颜色,很适合,功效,正面
910,_,希望,整体,正面
910,收货,及时,物流,正面
910,收货,很适合,物流,正面
911,_,出,整体,正面
911,_,美美哒,整体,正面
912,_,有点油,使用体验,负面
912,_,很好,整体,正面
912,酒精味,太重,气味,负面
913,_,优惠,价格,正面
913,_,很优惠,价格,正面
913,活动,搞,价格,正面
913,_,很多,其他,正面
913,_,不错,整体,正面
913,_,相信,整体,正面
914,_,到,整体,中性
914,_,真的很好,整体,正面
915,_,还不错,整体,正面
916,活动,优惠很多,价格,正面
916,活动,购买,价格,正面
916,品牌 快递,神速,包装,负面
916,_,太给力了,物流,正面
917,提亮肤色,不好用,功效,负面
917,提亮肤色,抹不开,功效,负面
917,效果,没有,功效,负面
918,真心,不错,整体,正面
919,_,还不错,整体,正面
920,味道,是正品,气味,正面
920,味道,没错,气味,正面
921,_,好用,整体,正面
921,_,是正品,真伪,正面
922,_,还可以,整体,正面
923,_,到,整体,中性
923,快递,很给力,物流,正面
924,保湿效果,还不错,功效,正面
924,_,还不错,整体,正面
925,活动,很好,价格,正面
925,_,很实惠,价格,正面
925,补水效果,很好,功效,正面
925,_,好用,整体,正面
926,味道,不错,气味,正面
926,味道,挺保湿,气味,正面
926,味道,挺好的,气味,正面
927,水,好,成分,正面
927,气垫cc霜,挺好的,整体,正面
927,味道,好,气味,正面
928,_,很好,整体,正面
928,_,非常喜欢,整体,正面
928,_,没错,气味,正面
929,_,一如既往的好,整体,正面
929,客户,老,整体,正面
930,_,一如既往的好,整体,正面
930,_,喜欢喜欢,整体,正面
930,_,购买,整体,正面
931,_,明显,功效,正面
931,变化,明显,功效,正面
931,变化,没感觉到,功效,负面
931,_,小小,尺寸,负面
932,物流,快,物流,正面
933,程度,可以,使用体验,正面
933,程度,奇怪,使用体验,正面
933,吸收,非常好,使用体验,正面
933,味道,奇怪,气味,正面
934,账速度,到,物流,中性
934,账速度,快,物流,正面
935,卡粉,不好用,使用体验,负面
936,活动,_,价格,正面
936,_,还可以,整体,正面
937,性价比,很高,价格,正面
937,活动,很高,价格,正面
937,_,不错,整体,正面
937,_,值得,整体,正面
937,_,购买,整体,正面
938,关键,不过敏,使用体验,正面
938,关键,很服帖,使用体验,正面
938,精华,很多,成分,正面
938,精华,很服帖,成分,正面
938,关键,很好用,整体,正面
939,_,不好用,整体,负面
940,_,比较干,使用体验,负面
940,保湿效果,很好,功效,正面
940,垫脸,干,整体,正面
941,痘痘,自然,使用体验,正面
941,_,还不错,整体,正面
942,价格,便宜,价格,正面
942,_,好,整体,正面
943,价格,便宜,价格,正面
943,_,一般,整体,中性
943,用用,行,整体,正面
944,吸收,不油腻,使用体验,正面
944,吸收,挺好,使用体验,正面
944,吸收,没有,使用体验,负面
944,保护措施,挺好,整体,正面
945,补水效果,_,功效,中性
945,_,值得,整体,负面
945,_,购买,整体,正面
946,盒子,总,包装,正面
946,盒子,挺划算的,包装,正面
946,盒子,没有,包装,负面
946,包装,白,包装,负面
946,盒子,简陋,包装,负面
946,_,挺好用的,整体,正面
946,_,满意,整体,正面
947,_,很薄,使用体验,正面
947,膜布,柔软,使用体验,正面
947,补水效果,不错,功效,正面
947,包装,好看,包装,正面
947,精华,满满,成分,正面
948,_,不错,整体,正面
949,_,很实惠,价格,正面
949,_,挺喜欢,整体,正面
949,_,美美的,整体,正面
950,_,不错,整体,正面
950,_,好,整体,正面
950,时间,长,物流,正面
951,后面,好多,价格,正面
951,用完,有点油,使用体验,负面
951,后面,到,整体,中性
952,_,舒服,使用体验,负面
952,推开,还行,使用体验,正面
953,_,_,_,_
954,_,挺舒服的,使用体验,正面
954,_,还不错,整体,正面
955,提亮肤色,挺好用的,功效,正面
956,_,不错,整体,正面
956,_,很好,整体,正面
957,_,好,整体,正面
957,_,很不错,整体,正面
957,_,棒棒哒,整体,正面
957,速度,_,物流,正面
957,_,快,物流,正面
958,_,好少,其他,负面
958,_,有点假白,功效,负面
958,颜色,自然,功效,负面
958,持久,自然,功效,负面
958,_,挺好的,整体,正面
959,_,值得,整体,正面
959,_,好用,整体,正面
959,_,挺不错的,整体,正面
960,泡沫,没有,使用体验,负面
960,_,试用,整体,正面
960,快递,_,物流,负面
960,速度,慢,物流,负面
961,泡面,很丰富,价格,负面
961,_,不干燥,使用体验,正面
961,泡面,挺好,整体,正面
961,泡面,还不错,整体,正面
961,泡面,挺香的,气味,正面
962,_,还不错,整体,正面
963,_,很好用,整体,正面
963,物流,很快,物流,正面
964,_,不错,整体,正面
965,_,水嫩的,使用体验,正面
966,卡粉,自然,使用体验,负面
967,_,贵了,价格,负面
968,颜色,太白,功效,负面
969,_,很滋润,使用体验,正面
970,_,很好用,整体,正面
971,_,挺好用的,整体,正面
971,_,非常满意,整体,正面
972,_,可以,整体,正面
973,赠品,_,价格,正面
973,_,挺好用,整体,正面
973,_,棒棒哒,整体,正面
973,_,购买,整体,正面
974,_,经济又实惠,价格,正面
974,_,好用,整体,正面
975,_,便宜,价格,正面
975,_,还不错,整体,正面
975,_,还可以,整体,正面
976,洗脸,还可以,整体,正面
976,洗脸,黏腻,整体,负面
977,_,油,使用体验,负面
977,_,清爽,使用体验,负面
978,_,好,整体,正面
979,贴完,很舒服,使用体验,正面
979,_,很薄,使用体验,正面
979,_,特别好用,整体,正面
980,_,不错,整体,正面
981,_,有点小,尺寸,负面
981,_,小,整体,正面
982,_,还行,整体,正面
983,_,挺温和,使用体验,正面
983,_,还可以,整体,正面
984,_,不错,整体,正面
984,_,好用,整体,正面
985,_,好评,整体,正面
985,_,挺好用的,整体,正面
985,_,不习惯,气味,负面
986,hellip,喜欢,整体,负面
986,女友,小,整体,正面
986,_,无异常,整体,正面
986,反馈情况,良好,整体,正面
987,_,均匀肤色,功效,正面
987,_,好用,整体,正面
987,_,很好用,整体,正面
988,质量,很满意,其他,正面
988,卸妆效果,很好,功效,正面
989,包装,一般,包装,中性
989,盒子,没有,包装,负面
989,_,好用,整体,正面
989,_,希望,整体,负面
990,_,太划算了,价格,正面
990,牌子 味道,好闻,气味,正面
990,牌子 味道,很好用,气味,正面
990,牌子 味道,购买,气味,正面
991,顾客,很好用,整体,正面
991,顾客,老,整体,正面
992,_,便宜不少,价格,正面
993,_,一如既往的好,整体,正面
993,_,购买,整体,正面
994,价格,超值,价格,正面
994,吸收,特别快,使用体验,正面
994,保湿,_,功效,中性
994,补水效果,很好,功效,正面
994,_,值得,整体,正面
995,_,不刺激,使用体验,正面
995,_,好用,整体,正面
996,时候,搞,价格,正面
996,活动,搞,价格,正面
997,肤色,一直在用,功效,正面
997,肤色,很好,功效,正面
997,肤色,很开心,功效,正面
997,_,很好用,整体,正面
998,吸收,好,使用体验,正面
998,_,满意,整体,正面
999,_,还可以,整体,正面
1000,品种,好,整体,正面
1000,品种,及时,物流,正面
1000,发货,及时,物流,正面
1000,发货,好,物流,正面
1001,_,一般,整体,中性
1002,活动 hellip,期待,价格,正面
1002,_,好评,整体,正面
1003,换装,很划算,价格,正面
1003,_,好用,整体,正面
1004,_,很服帖,使用体验,正面
1004,_,很润,使用体验,正面
1004,提亮肤色,强大,功效,正面
1004,提亮肤色,超,功效,正面
1004,_,很喜欢,整体,正面
1005,_,不是很好用,整体,负面
1006,_,很白,功效,正面
1006,_,还不错,整体,正面
1007,价格,亲民,价格,正面
1007,_,好用,整体,正面
1007,_,很合适,整体,正面
1007,_,得,整体,正面
1008,_,不错,整体,正面
1008,_,很好用,整体,正面
1009,补水,_,功效,正面
1009,保湿,不油腻,功效,正面
1009,保湿,好很多,功效,正面
1010,性价比,很方便,价格,正面
1010,性价比,高,价格,正面
1010,效果,很好,功效,正面
1010,效果,很方便,功效,正面
1011,_,干巴巴,使用体验,负面
1012,_,很好用,整体,正面
1012,_,很香,气味,正面
1013,保湿,亮白,功效,正面
1013,保湿,滋润,功效,正面
1013,保湿,非常不错,功效,正面
1013,亲放心,喜欢,整体,正面
1014,瓶子,挺精致,包装,正面
1014,_,好用,整体,正面
1014,_,希望,整体,正面
1015,_,不错,整体,正面
1015,_,回购,整体,正面
1015,快递,很快,物流,正面
1016,_,满意,整体,正面
1016,_,蛮好用的,整体,正面
1016,_,超,整体,正面
1016,_,超喜欢,整体,正面
1017,_,很细腻,使用体验,正面
1017,遮瑕效果,挺好,功效,正面
1017,_,挺好用的,整体,正面
1018,上脸,挺自然的,使用体验,正面
1018,_,脱妆,使用体验,负面
1018,_,挺小的,尺寸,负面
1018,_,不错,整体,正面
1018,_,到,整体,中性
1018,_,点赞,整体,正面
1019,_,合适,价格,正面
1020,清爽型,很舒服,使用体验,正面
1021,服务态度,好,服务,正面
1021,物流,快,物流,正面
1022,_,挺划算的,价格,正面
1023,_,好用,整体,正面
1023,_,好评,整体,正面
1023,_,购买,整体,正面
1024,炒鸡,合适,价格,正面
1024,活动,搞,价格,正面
1024,炒鸡,搞,价格,正面
1024,_,给力,整体,正面
1025,_,物有所值,整体,正面
1025,_,购买,整体,正面
1025,_,快,物流,正面
1026,买来,实惠,价格,正面
1026,_,建议,价格,正面
1026,_,购买,价格,正面
1026,买来,挺好用的,整体,正面
1026,_,还可以,整体,正面
1027,补水,_,功效,正面
1027,面膜精华,很多,成分,正面
1027,_,赞,整体,正面
1027,服务,超好,服务,正面
1027,快递员,_,物流,正面
1028,提亮效果,好,功效,正面
1028,_,挺好用的,整体,正面
1029,包装,很好,包装,负面
1029,_,很喜欢,整体,正面
1029,_,破损,整体,正面
1030,换装,还有,整体,正面
1030,_,很好闻,气味,正面
1030,清香,淡淡的,气味,正面
1031,购物,非常不错,整体,正面
1031,购物,非常好用,整体,正面
1032,_,不卡粉,使用体验,正面
1032,_,好好,整体,负面
1032,_,挺好,整体,正面
1033,活动,便宜,价格,正面
1033,活动,好用,价格,正面
1033,活动,很多,价格,正面
1033,活动,物美价廉,价格,正面
1033,活动,购买,价格,正面
1034,_,失望,整体,负面
1034,_,好,整体,正面
1034,_,好,整体,负面
1034,保质期,_,新鲜度,中性
1035,_,信,整体,正面
1035,推荐,值得,整体,正面
1035,_,回购,整体,正面
1035,_,超级好用,整体,正面
1036,用着,不错,整体,正面
1036,用着,挺好用的,整体,正面
1036,用着,还不错,整体,正面
1037,上妆,打开,使用体验,正面
1037,上妆,没用,使用体验,负面
1037,卡粉,自然,使用体验,负面
1037,上妆,自然,使用体验,负面
1037,香精味,打开,成分,正面
1038,_,是正品,真伪,正面
1039,_,划算,价格,正面
1039,_,很服帖,使用体验,正面
1039,保湿效果,还行,功效,正面
1039,用用,坚持,整体,正面
1040,精华,很多,成分,正面
1040,_,到,整体,中性
1040,_,很好,整体,正面
1040,快递,好快,物流,正面
1041,顾客,不错,整体,正面
1041,顾客,兴隆,服务,正面
1041,生意,兴隆,服务,正面
1041,顾客,老,服务,正面
1042,_,_,_,_
1043,_,水水的,使用体验,正面
1043,_,很保湿,功效,正面
1043,_,很好用,整体,正面
1044,_,很好用,整体,正面
1045,效果,没,功效,负面
1045,今天,到,整体,中性
1045,_,很满意,整体,正面
1045,_,用后,整体,正面
1045,物流,很快,物流,正面
1046,_,是正品,真伪,正面
1047,_,方便,使用体验,正面
1048,_,不油腻,使用体验,正面
1048,_,清爽,使用体验,负面
1049,包装,完好,包装,正面
1049,_,还好,整体,正面
1050,性价比,很高,价格,正面
1050,补水,_,功效,正面
1050,保湿,_,功效,中性
1050,送货,超级快,物流,正面
1051,_,不错,整体,正面
1052,保湿,好,功效,负面
1052,_,还好,整体,正面
1053,_,好评,整体,正面
1053,_,挺喜欢的,整体,正面
1053,味道,香香的,气味,正面
1054,力度,清洁,价格,正面
1054,力度,还可以,价格,正面
1054,泡沫起,不多,使用体验,中性
1054,洗完,不紧绷,使用体验,正面
1054,_,挺温和的,使用体验,正面
1054,_,挺细腻的,使用体验,正面
1054,味道,很清新,气味,正面
1055,_,明显,功效,负面
1055,_,一般般,整体,中性
1056,搓,一般般,整体,中性
1056,搓,出,整体,负面
1057,_,超赞,整体,正面
1058,优惠活动,太赞了,价格,正面
1059,_,好评,整体,正面
1060,_,挺不错的,整体,正面
1060,物流,很快,物流,正面
1061,速度,慢,物流,负面
1062,_,上,功效,正面
1062,遮暇效果,不是很滋润,功效,负面
1062,遮暇效果,没用,功效,负面
1062,_,太香了,气味,负面
1063,肌,不会过敏,使用体验,正面
1063,肌,敏感,使用体验,负面
1063,补水效果,_,功效,中性
1063,_,好用,整体,正面
1063,_,超,整体,正面
1064,_,到,整体,中性
1064,_,很满意,整体,正面
1064,服务态度,很好,服务,正面
1065,_,_,_,_
1066,服帖,不错,使用体验,正面
1066,服帖,喜欢,使用体验,正面
1066,服帖,细,使用体验,正面
1066,粉质,细,使用体验,正面
1066,效果,不错,功效,正面
1066,味道,喜欢,气味,正面
1067,_,不刺激,使用体验,正面
1067,_,不紧绷,使用体验,正面
1067,_,很舒服,使用体验,正面
1067,泡泡,没有,使用体验,负面
1067,_,挺干净,功效,正面
1067,_,清淡,整体,正面
1067,_,用上,整体,负面
1067,_,还好,整体,正面
1068,瓶卸妆水,小,其他,正面
1068,瓶卸妆水,赠送,其他,正面
1068,_,希望,整体,正面
1068,_,很好用,整体,正面
1068,_,还不错,整体,正面
1069,奶洗,不干净,功效,负面
1069,奶洗,洗面,整体,正面
1069,面奶,还有,整体,正面
1069,面奶,难用,整体,负面
1070,_,赠送,整体,正面
1070,_,非常满意,整体,正面
1071,样子,还不错,整体,正面
1072,_,温和不刺激,使用体验,正面
1072,_,喜欢,整体,正面
1072,_,挺好用的,整体,正面
1073,价格,美丽,价格,正面
1074,王子,小,整体,正面
1074,_,很不错,整体,正面
1074,_,用上,整体,正面
1075,效果,期待,功效,正面
1075,_,一般,整体,中性
1076,_,起痘,使用体验,负面
1076,清洁力,不是太好,功效,负面
1076,_,不适合,整体,负面
1077,赠品,很多,价格,正面
1077,效果,还行,功效,正面
1078,_,挺好用的,整体,正面
1079,粉扑,很硬,使用体验,负面
1079,_,很白,功效,负面
1079,_,不好用,整体,负面
1079,_,还行,整体,正面
1080,品牌 速度,无敌,物流,正面
1081,泡沫,失望,使用体验,正面
1081,泡沫,洗不干净,使用体验,负面
1081,泡沫,细腻,使用体验,负面
1082,_,一如既往的好,整体,正面
1083,_,还不错,整体,正面
1083,_,是正品,真伪,正面
1084,_,不错,整体,正面
1084,日期,新,新鲜度,正面
1085,_,一般般,整体,中性
1086,物流,很快,物流,正面
1087,_,还不错,整体,正面
1088,面奶,还可以,整体,正面
1089,hellip,好,整体,正面
1090,活动,搞,价格,正面
1090,实惠,搞,价格,正面
1090,_,还不错,整体,正面
1091,_,容易,整体,正面
1091,_,干,整体,负面
1092,补水,喜欢,功效,正面
1092,效果,特别好,功效,正面
1092,美女,喜欢,整体,正面
1092,_,推荐,整体,正面
1093,个人,粘稠,使用体验,正面
1093,补水,不错,功效,正面
1093,保湿,不错,功效,正面
1093,添加剂,很安全,成分,正面
1093,添加剂,很少,成分,负面
1094,_,_,_,_
1095,_,很多,其他,正面
1095,_,不错,整体,正面
1096,_,通透,使用体验,正面
1096,_,推荐,整体,正面
1096,_,购买,整体,正面
1096,_,还不错,整体,正面
1097,_,舒服,使用体验,正面
1097,_,很好,整体,正面
1097,_,推荐,整体,正面
1097,_,贴在,整体,正面
1098,_,挺好的,整体,正面
1099,持久,没有,功效,负面
1099,_,值得,整体,负面
1099,_,购买,整体,负面
1099,香味,一般,气味,中性
1099,味道,没有,气味,负面
1100,_,不错,整体,正面
1101,_,_,_,_
1102,价格,划,价格,正面
1102,价格,得,价格,正面
1102,_,很清爽,使用体验,正面
1102,_,不错,整体,正面
1103,惊喜,有点小,尺寸,负面
1103,_,很满意,整体,正面
1104,_,过敏了,使用体验,负面
1105,_,划算,价格,正面
1105,效果,很好,功效,正面
1105,_,很补水,功效,正面
1105,_,喜欢,整体,正面
1106,_,非常满意,整体,正面
1107,_,好多,价格,正面
1107,_,好用,整体,正面
1108,控油效果,还可以,功效,正面
1108,香精,还可以,成分,正面
1108,香味,_,气味,正面
1109,日期,差,新鲜度,负面
1109,_,近期,新鲜度,正面
1110,_,超级喜欢,整体,正面
1111,_,挺实惠的,价格,正面
1111,_,不过敏,使用体验,正面
1111,_,舒服,使用体验,负面
1111,_,非常好,整体,正面
1112,包装,没用,包装,负面
1112,包装,还可以,包装,正面
1113,_,好,整体,正面
1114,新包装,好多,包装,正面
1114,包装,老,包装,正面
1114,_,好,整体,正面
1114,肌,敏感,整体,负面
1114,_,点赞,整体,正面
1115,_,值得,整体,正面
1115,_,购买,整体,正面
1115,物流,好快,物流,正面
1116,_,失望,整体,负面
1116,_,挺好的,整体,正面
1116,_,相信,整体,正面
1116,_,是正品,真伪,正面
1117,今天,到,整体,中性
1117,_,喜欢,整体,正面
1117,物流,很快,物流,正面
1118,_,实惠,价格,正面
1118,袋子,很漂亮,包装,正面
1119,_,很服帖,使用体验,正面
1119,hellip,还不错,整体,正面
1120,_,挺细腻的,使用体验,正面
1120,_,不错,整体,正面
1121,_,挺好,整体,正面
1121,_,非常好用,整体,正面
1121,香味,淡淡,气味,正面
1122,质量,还不错,其他,正面
1122,推荐,值得,整体,正面
1122,_,挺喜欢,整体,正面
1122,发货速度,快,物流,正面
1123,_,很好,整体,正面
1123,_,希望,真伪,正面
1123,_,是正品,真伪,正面
1124,品牌 产品,一直用,整体,正面
1124,_,还行,整体,正面
1125,_,好评,整体,正面
1125,_,相当不错,整体,正面
1126,_,不卡粉,使用体验,正面
1126,_,挺好的,整体,正面
1127,质地在手,上,使用体验,正面
1127,质地在手,好不,使用体验,正面
1127,质地在手,好用,使用体验,正面
1127,味道,很湿润,气味,正面
1127,味道,没用,气味,负面
1128,效果,很好,功效,正面
1128,_,好评,整体,正面
1128,_,很喜欢,整体,正面
1129,家里,很多,成分,正面
1129,_,很不错,整体,正面
1130,_,挺好用的,整体,正面
1130,_,非常满意,整体,正面
1131,_,有点干,使用体验,负面
1132,面膜真心,不错,整体,正面
1132,中午,到,整体,中性
1132,关键,超级快,物流,正面
1133,价格,优惠,价格,正面
1133,_,很好用,整体,正面
1133,_,满意,整体,正面
1133,_,还不错,整体,正面
1134,效果,还不错,功效,正面
1134,品牌 物流,很快,物流,正面
1134,收货,很快,物流,正面
1135,效果,好,功效,正面
1135,效果,没有,功效,负面
1135,_,满意,整体,正面
1135,_,还不错,整体,正面
1135,发货,快,物流,正面
1136,轻薄,透气,使用体验,正面
1136,棒哒,棒,物流,正面
1137,_,不油腻,使用体验,正面
1137,_,清爽,使用体验,负面
1137,效果,好,功效,正面
1137,效果,没有,功效,负面
1137,卸妆效果,还好,功效,正面
1138,_,很好用,整体,正面
1138,_,试用,整体,正面
1138,物流,很快,物流,正面
1139,顾客,老,整体,正面
1140,_,很划算,价格,正面
1140,_,很好,整体,正面
1141,活动,多,价格,正面
1141,活动,希望,价格,正面
1141,提亮肤色,很不错,功效,正面
1142,后脸,不会有,使用体验,正面
1142,后脸,很好用,整体,正面
1142,香味,不会有,气味,正面
1142,香味,很好用,气味,正面
1142,香味,淡淡的,气味,正面
1142,后脸,紧绷,气味,负面
1143,_,很舒服,使用体验,负面
1143,_,舒服,使用体验,负面
1143,_,贴,整体,正面
1144,_,还行,整体,正面
1145,保温效果,好,功效,正面
1145,_,挺多的,成分,正面
1145,_,不错,整体,正面
1146,_,挺好的,整体,正面
1147,外观,还不错,包装,正面
1148,_,不错,整体,正面
1148,_,购买,整体,正面
1149,礼品,赠送,价格,正面
1149,_,不错,整体,正面
1150,_,挺环保,其他,正面
1150,包装,不好,包装,负面
1150,_,买到,真伪,负面
1150,_,假货,真伪,正面
1150,_,是正品,真伪,正面
1151,物流,很快,物流,正面
1152,_,非常好用,整体,正面
1153,快递,很给力,物流,正面
1154,_,好,整体,正面
1154,_,很喜欢,整体,正面
1154,_,称赞,整体,正面
1155,_,快,物流,正面
1156,效果,是正品,功效,正面
1156,效果,没,功效,负面
1157,味道,不喜欢,气味,负面
1158,_,非常好用,整体,正面
1158,味道,好闻,气味,正面
1159,遮暇效果,很好,功效,正面
1159,_,很好用,整体,正面
1160,_,很不错,整体,正面
1161,价格,_,价格,正面
1162,BB,很好用,整体,正面
1163,_,太干,使用体验,负面
1163,_,不好用,整体,负面
1164,试试效果,便宜,功效,正面
1164,下午,到,整体,中性
1164,品牌 速度,真快,物流,正面
1165,妆脸白,上,整体,正面
1166,_,好评,整体,正面
1166,_,得,整体,正面
1167,超所值,值得,整体,正面
1167,超所值,好物,整体,正面
1167,超所值,很好,整体,正面
1167,超所值,购买,整体,正面
1168,_,比较实惠,价格,正面
1168,补水效果,挺好,功效,正面
1169,物流,不错,物流,正面
1169,物流,希望,物流,正面
1169,物流,很快,物流,正面
1169,物流,还可以,物流,正面
1170,钱,自然,价格,正面
1170,钱,麻烦,价格,负面
1170,_,购买,使用体验,正面
1170,评率,好,整体,正面
1170,评率,还好,整体,正面
1170,_,假货,真伪,负面
1171,水润,光滑,使用体验,正面
1171,水润,挺好的,整体,正面
1172,干皮,别用,使用体验,正面
1172,_,偏干,整体,正面
1173,价格,很实惠,价格,正面
1173,味道,太刺鼻,气味,负面
1174,_,不错,整体,正面
1174,_,比较喜欢,整体,正面
1175,_,不错,整体,正面
1175,_,可以,整体,正面
1175,_,很满意,整体,正面
1176,性价比,很高,价格,正面
1177,_,值得,整体,正面
1177,_,很不错,整体,正面
1177,_,购买,整体,正面
1178,_,比较喜欢,整体,正面
1178,_,购买,整体,正面
1179,假货,还有,真伪,正面
1179,旗舰店,还有,真伪,正面
1180,粉扑,带尖,使用体验,正面
1180,粉扑,比较厉害,使用体验,负面
1180,粉扑,还好,使用体验,正面
1180,自然色,还好,使用体验,正面
1180,包装,不错,包装,正面
1181,_,特划算,价格,正面
1181,保质期,到期,新鲜度,负面
1181,日期,新鲜,新鲜度,正面
1182,_,好用,整体,正面
1182,_,洗面,整体,正面
1183,_,回购,价格,正面
1183,_,特别便宜,价格,正面
1184,_,不服帖,使用体验,负面
1184,_,脱妆,使用体验,正面
1185,_,不油腻,使用体验,正面
1185,_,很清爽,使用体验,正面
1185,_,很干净,功效,正面
1185,_,很喜欢,整体,正面
1186,快递速度,真快,物流,正面
1187,意料,好,整体,正面
1187,_,好评,整体,正面
1187,_,赞,整体,正面
1187,_,赞赞,整体,中性
1188,_,便宜了很多,价格,正面
1188,_,好用,整体,正面
1188,_,好评,整体,正面
1188,_,干燥,整体,负面
1189,小样,不开心,价格,负面
1190,效果,挺好的,功效,正面
1190,_,不错,整体,正面
1190,_,值得,整体,正面
1190,_,回购,整体,正面
1190,_,是正品,真伪,正面
1191,_,挺干净的,功效,正面
1191,_,可以,整体,正面
1191,_,洗面,整体,正面
1192,高端,上档次,包装,正面
1192,_,购买,整体,正面
1192,_,超级喜欢,整体,正面
1193,活动,多,价格,正面
1193,活动,搞,价格,正面
1193,活动,期待,价格,正面
1193,_,是正品,真伪,正面
1194,_,不油腻,使用体验,正面
1194,_,细腻,使用体验,正面
1194,_,喜欢,整体,正面
1194,_,挺好的,整体,正面
1195,_,值得,整体,正面
1195,_,很好,整体,正面
1196,包装,精致,包装,正面
1196,_,一如既往的好,整体,正面
1196,_,值得,整体,正面
1196,物流,快,物流,正面
1197,_,不干,使用体验,正面
1197,_,很多,其他,正面
1197,_,白,功效,正面
1197,_,不错,整体,正面
1198,效果,挺好,功效,正面
1198,_,满意,整体,正面
1199,_,很喜欢,整体,正面
1199,_,非常好,整体,正面
1200,_,挺好的,整体,正面
1201,_,值得,整体,正面
1201,_,购买,整体,正面
1202,_,很好用,整体,正面
1203,_,很滋润,使用体验,正面
1203,_,挺不错的,整体,正面
1204,物流,好,物流,正面
1204,物流,快,物流,正面
1205,_,便宜,价格,正面
1205,_,好用,整体,正面
1205,个人,比较喜欢,整体,正面
1205,香味,清淡,气味,正面
1206,_,一如既往的好,整体,正面
1207,_,蛮不错的,整体,正面
1208,_,很不错,整体,正面
1209,提亮肤色,自然,功效,正面
1209,水润,自然,功效,正面
1209,_,很满意,整体,正面
1210,补水效果,很棒,功效,正面
1211,效果,不错,功效,正面
1212,_,超值,价格,正面
1212,_,很水润,使用体验,正面
1212,_,好用,整体,正面
1212,_,购买,整体,正面
1212,_,超好用,整体,正面
1213,_,明显,功效,正面
1213,_,不错,整体,正面
1214,水润,透气,使用体验,正面
1214,质量,不错,其他,正面
1214,_,值得,整体,正面
1215,水乳,真的很好,整体,正面
1216,_,比较水润,使用体验,正面
1216,隔离效果,很棒,功效,正面
1216,_,可以,整体,正面
1217,_,不干燥,使用体验,正面
1217,面奶,很细腻,使用体验,正面
1217,_,清爽,使用体验,正面
1218,_,好,整体,正面
1219,油,好,功效,正面
1219,油,干皮,功效,正面
1219,粉会,好,整体,正面
1220,_,好用,整体,正面
1220,_,快,物流,正面
1221,_,挺好的,整体,正面
1221,味道,清新,气味,正面
1222,_,很舒服,使用体验,正面
1222,_,很薄,使用体验,正面
1222,_,清爽,使用体验,正面
1222,水分,很多,成分,正面
1223,效果,感觉不错,功效,正面
1224,价格,合理,价格,正面
1224,_,还不错,整体,正面
1225,_,好用,整体,正面
1225,物流,很快,物流,正面
1226,_,挺喜欢的,整体,正面
1227,_,值得,整体,正面
1227,_,很好,整体,正面
1227,_,购买,整体,正面
1228,提亮遮暇能力,强,功效,正面
1229,乳液,_,成分,中性
1229,水,要,成分,正面
1229,_,挺好的,整体,正面
1229,_,好快,物流,正面
1230,_,很实惠,价格,正面
1230,_,上,整体,正面
1230,_,很好用,整体,正面
1230,味道,不好闻,气味,负面
1230,时候,不好闻,气味,负面
1231,保湿效果,应该挺好的,功效,正面
1231,包装,_,包装,正面
1231,_,挺不错的,整体,正面
1231,后面,追加,整体,正面
1232,速度,很快,物流,正面
1233,_,打开,整体,正面
1234,_,上,整体,正面
1234,卖家,发,服务,正面
1234,味道,很好闻,气味,正面
1235,_,很多,其他,正面
1235,_,很好用,整体,正面
1235,物流,很快,物流,正面
1236,_,很温和,使用体验,负面
1236,卸妆,很干净,功效,正面
1236,包装,仔细,包装,正面
1236,_,很满意,整体,正面
1236,气味,刺鼻,气味,正面
1236,气味,没有,气味,负面
1237,妆,很容易,功效,正面
1237,遮暇效果,没有,功效,负面
1237,_,被骗了,整体,负面
1238,货好货,便宜,价格,正面
1238,货好货,便宜,价格,负面
1238,货好货,小,价格,正面
1238,货好货,没,价格,负面
1238,货好货,好,整体,正面
1238,货好货,好,整体,负面
1239,_,还不错,整体,正面
1240,_,很干,使用体验,负面
1240,_,满意,整体,正面
1241,持久情况,不油,功效,正面
1241,上妆效果,好用,功效,正面
1241,持久情况,适合,功效,负面
1241,描述,好用,整体,正面
1242,隔离,一直都用,功效,正面
1242,隔离,真的很好,功效,正面
1243,包装高大上,很好,包装,正面
1243,包装高大上,没有,包装,负面
1243,包装高大上,破损,包装,正面
1243,_,好用,整体,正面
1243,_,希望,整体,正面
1243,物流,超快,物流,正面
1244,_,便宜,价格,正面
1244,_,实惠,价格,正面
1244,_,很多,其他,正面
1244,_,非常好用,整体,正面
1245,_,可以,整体,正面
1246,效果,一直用,功效,正面
1246,效果,很好,功效,正面
1247,_,很喜欢,整体,正面
1247,_,很赞,整体,正面
1247,_,购买,整体,正面
1248,_,好用,整体,正面
1249,_,嫩嫩的,使用体验,正面
1249,_,水水的,使用体验,正面
1249,_,上,整体,正面
1249,_,完脸,整体,正面
1249,_,很好用,整体,正面
1250,保湿效果,很好,功效,正面
1251,塑料袋包装,好多,包装,正面
1252,_,很喜欢,整体,正面
1252,_,很好用,整体,正面
1252,味道,很好闻,气味,正面
1253,_,还好,整体,正面
1254,香味,重,气味,负面
1255,_,很轻薄,使用体验,正面
1255,_,挺好用,整体,正面
1256,价格,实惠,价格,正面
1256,_,干,整体,正面
1256,时间,长,物流,正面
1257,_,不错,整体,正面
1258,里边乳液,挺多的,成分,正面
1258,_,够用,整体,正面
1258,_,真不错,整体,正面
1259,活动,搞,价格,正面
1259,_,很多,其他,正面
1259,补水效果,不错,功效,正面
1260,隔离,只用,功效,正面
1260,_,好评,整体,正面
1261,_,干净,功效,正面
1261,_,可以,整体,正面
1261,_,喜欢,整体,正面
1262,爱,不油腻,使用体验,正面
1262,_,很清爽,使用体验,正面
1262,爱,非常好用,整体,正面
1263,_,快,物流,正面
1264,_,很好用,整体,正面
1264,_,购买,整体,正面
1265,_,还保湿,功效,正面
1265,_,到,整体,中性
1265,_,很不错,整体,正面
1265,_,试用,整体,正面
1265,味道,很好闻,气味,正面
1266,商品质量,很好,其他,正面
1266,购买,值得,整体,正面
1266,物流,很快,物流,正面
1267,_,还不错,整体,正面
1268,_,油,使用体验,负面
1268,_,不是很适合,整体,负面
1269,_,很好,整体,正面
1269,_,非常好,整体,正面
1270,_,到手,整体,正面
1270,_,挺好的,整体,正面
1270,_,试用,整体,正面
1271,_,太多了,价格,负面
1271,_,松的,包装,正面
1271,_,差,整体,负面
1271,香味,浓,气味,正面
1272,_,一如既往的好,整体,正面
1273,_,很实惠,价格,正面
1273,_,还可以,整体,正面
1274,补水效果,很好,功效,正面
1275,_,不卡粉,使用体验,正面
1275,_,不干,使用体验,正面
1275,滋润度,非常好,使用体验,正面
1275,_,好用,整体,正面
1275,_,棒棒哒,整体,负面
1276,_,挺好的,整体,正面
1277,_,购买,整体,正面
1278,自然,很好,使用体验,正面
1278,自然,湿润,使用体验,正面
1279,_,好,整体,正面
1279,_,非常喜欢,整体,正面
1279,_,非常满意,整体,正面
1280,活动,很合适,价格,正面
1280,活动,搞,价格,正面
1280,_,喜欢,整体,正面
1280,_,很不错,整体,正面
1281,补水效果,非常好,功效,正面
1281,_,购买,整体,正面
1282,_,挺满意的,整体,正面
1283,_,好多,价格,正面
1283,_,好,整体,正面
1284,_,不紧绷,使用体验,正面
1284,_,掉,整体,负面
1284,_,还有,整体,正面
1285,黑纸,小,使用体验,正面
1285,黑纸,掉色,使用体验,负面
1285,_,小,整体,正面
1285,_,很好用,整体,正面
1285,_,很香,气味,正面
1286,真心,不错,整体,正面
1286,_,相信,整体,正面
1287,_,还不错,整体,正面
1288,_,不错,整体,正面
1288,_,很不错,整体,正面
1288,_,推荐,整体,正面
1289,_,还可以,整体,正面
1290,_,购买,整体,正面
1290,_,还不错,整体,正面
1291,牌子效果,很不错,功效,正面
1291,保湿效果,很好,功效,正面
1291,_,非常满意,整体,正面
1292,_,便宜多了,价格,正面
1292,价格,实惠,价格,正面
1292,活动,搞,价格,正面
1292,_,好评,整体,正面
1293,上妆,很不错,使用体验,正面
1293,味道,太香了,气味,负面
1294,_,比较方便,使用体验,正面
1294,_,还行,整体,正面
1295,_,刺激,使用体验,负面
1295,_,还好,整体,正面
1296,顾客,一如既往的好,整体,正面
1296,顾客,老,整体,正面
1296,生意,兴隆,服务,正面
1296,顾客,兴隆,服务,正面
1296,顾客,是正品,真伪,正面
1297,次次,购买,整体,正面
1297,次次,非常好用,整体,正面
1298,_,是真品,真伪,正面
1299,效果,很好,功效,正面
1299,味道,挺好闻的,气味,正面
1300,价格,很划算,价格,正面
1300,_,好评,整体,正面
1300,_,购买,整体,正面
1300,_,还不错,整体,正面
1301,_,不错,整体,正面
1301,_,谢谢,整体,正面
1302,货,到,物流,中性
1302,货,发,物流,正面
1302,货,好,物流,正面
1302,货,好评,物流,正面
1303,购物,不好用,整体,负面
1303,购物,最差的,整体,负面
1304,_,爱不释手,整体,正面
1304,香味,喜欢,气味,正面
1304,香味,淡淡的,气味,正面
1305,_,还可以,整体,正面
1306,遮瑕效果,不错,功效,正面
1306,保湿效果,好,功效,正面
1306,_,值得,整体,正面
1307,_,好用,整体,正面
1307,_,很好用,整体,正面
1308,价格,挺便宜的,价格,正面
1308,效果,好,功效,正面
1308,效果,希望,功效,正面
1308,_,好不,整体,正面
1308,_,好用,整体,正面
1309,_,还不错,整体,正面
1310,_,不错,整体,正面
1311,活动,_,价格,正面
1311,换装,真实,功效,负面
1311,换装,打开,整体,正面
1312,网上,很放心,整体,正面
1313,价格,超实惠,价格,正面
1314,_,便宜,价格,正面
1314,回购 活动,回,价格,正面
1314,回购 活动,大,价格,正面
1314,回购 活动,奈斯,价格,正面
1314,_,敷贴,价格,正面
1314,回购 活动,比较水润,价格,负面
1314,回购 活动,进行,价格,正面
1314,_,不干燥,使用体验,正面
1314,_,好用,整体,正面
1315,_,上,整体,正面
1315,今天,到,整体,中性
1315,_,好,整体,正面
1315,_,得,整体,正面
1315,_,期待,整体,正面
1315,_,还好,整体,正面
1315,送货速度,快,物流,正面
1316,_,好多,价格,正面
1316,_,非常好,整体,正面
1317,包装,破损,包装,正面
1317,乳液,很快,成分,正面
1317,物流,很快,物流,正面
1318,_,信任,整体,正面
1318,_,喜欢,整体,正面
1319,_,很香,气味,正面
1320,_,很不错,整体,正面
1321,_,好多,价格,正面
1321,_,挺好,整体,正面
1322,补水效果,非常不错,功效,正面
1322,缺水问题,可以,整体,正面
1322,缺水问题,干燥,整体,负面
1323,味道,喜欢,气味,正面
1323,味道,很好闻,气味,正面
1324,_,正,其他,正面
1324,_,不错,整体,正面
1325,美白效果,不是很好,功效,负面
1325,_,不错,整体,正面
1326,_,可以,整体,正面
1326,_,失望,整体,负面
1326,_,希望,整体,正面
1327,_,还不错,整体,正面
1328,_,满意,整体,负面
1329,_,舒服,使用体验,负面
1330,个人情况,还不错,整体,正面
1331,隔离,不错,功效,正面
1331,隔离,好用,功效,正面
1331,品牌 快递,给力,包装,正面
1331,_,喜欢,整体,正面
1331,_,购买,整体,正面
1332,_,便宜,价格,正面
1332,赠品,很多,价格,正面
1332,_,很不错,整体,正面
1333,_,很好,整体,正面
1334,效果,不错,功效,正面
1334,_,很不错,整体,正面
1334,棒哒,棒,物流,正面
1335,味道,怪,气味,正面
1336,_,喜欢,整体,正面
1336,_,好,整体,正面
1336,_,很好,整体,正面
1336,_,还不错,整体,正面
1336,品牌 物流,快,物流,正面
1337,效果,还不错,功效,正面
1338,_,很实惠,价格,正面
1339,包装,完好,包装,正面
1339,日期,新,新鲜度,正面
1340,_,不错,整体,正面
1340,海狮,很不错,整体,正面
1340,海狮,小,服务,正面
1340,服务,很不错,服务,正面
1341,_,便宜,价格,正面
1341,_,划算,价格,正面
1341,_,非常好,整体,正面
1342,_,很喜欢,整体,正面
1343,_,不错,整体,正面
1344,推开,不油腻,使用体验,正面
1344,推开,好,使用体验,负面
1344,推开,非常好用,使用体验,正面
1344,_,购买,整体,正面
1345,_,不浮粉,使用体验,正面
1345,_,很好用,整体,正面
1346,快递,超快,物流,正面
1347,包装,蛮好的,包装,正面
1348,_,很服帖,使用体验,正面
1348,_,好用,整体,正面
1348,送货,快,物流,正面
1349,_,喜欢,整体,正面
1349,_,特别好闻,气味,正面
1349,_,太给力了,物流,正面
1350,效果,期待,功效,正面
1350,包装,_,包装,正面
1351,推开,很好用,使用体验,正面
1351,推开,有一点提亮肤色,使用体验,正面
1351,效果,有一点提亮肤色,功效,正面
1352,_,干净,功效,正面
1352,_,好好,整体,正面
1353,_,很滋润,使用体验,正面
1354,价格,合理,价格,正面
1354,_,不错,整体,正面
1355,卡粉,不好用,使用体验,负面
1356,赠品,挺多的,价格,正面
1357,_,特别便宜,价格,正面
1357,_,不错,整体,正面
1357,_,好用,整体,正面
1358,_,挺好的,整体,正面
1359,美白,不错,功效,正面
1359,美白,应该可以,功效,正面
1359,美白,很舒服,功效,正面
1360,_,很滋润,使用体验,正面
1360,肤色,很自然,功效,正面
1361,_,可以,整体,正面
1361,_,很喜欢,整体,正面
1361,_,购买,整体,正面
1362,_,特别好用,整体,正面
1362,_,试用,整体,负面
1363,_,很好,整体,正面
1363,_,很好用,整体,正面
1364,_,不干,使用体验,正面
1364,_,太干了,使用体验,负面
1364,吸收,很快,使用体验,正面
1364,_,很润,使用体验,正面
1364,物流,很快,物流,正面
1365,_,很自然,功效,正面
1365,单,到,整体,中性
1365,_,是正品,真伪,正面
1366,客户,老,整体,正面
1366,_,正品,真伪,正面
1367,水润,清凉,使用体验,正面
1367,效果,不错,功效,正面
1367,_,是正品,真伪,正面
1368,_,_,_,_
1369,_,回购,整体,正面
1369,_,好用,整体,正面
1370,_,很优惠,价格,正面
1370,价格,很美丽,价格,正面
1370,质量,很好,其他,正面
1371,_,可以,整体,正面
1372,_,优惠多多,价格,正面
1372,_,白,功效,正面
1372,_,希望,整体,正面
1372,_,非常满意,整体,正面
1373,_,很好用,整体,正面
1374,_,好用,整体,正面
1374,_,非常满意,整体,正面
1375,补水效果,特别好,功效,正面
1376,_,不错,整体,正面
1377,_,很喜欢,整体,正面
1377,_,满意,整体,正面
1378,_,很实惠,价格,正面
1378,_,很多,其他,正面
1378,_,很好用,整体,正面
1379,_,不油腻,使用体验,正面
1379,_,清爽,使用体验,负面
1379,遮瑕效果,_,功效,中性
1380,_,很喜欢,整体,正面
1380,_,推荐,整体,正面
1380,_,还不错,整体,正面
1381,_,不厚重,使用体验,正面
1381,_,特别滋润,使用体验,正面
1381,美白,_,功效,中性
1381,效果,还有,功效,负面
1381,老姐,推荐,整体,正面
1381,_,特别好用,整体,正面
1381,_,香香的,气味,正面
1382,_,比较好用,整体,正面
1383,_,不油腻,使用体验,正面
1383,_,嫩嫩的,使用体验,正面
1383,_,滑滑的,使用体验,正面
1383,_,挺补水的,功效,正面
1383,个人,不错,整体,正面
1383,_,入手,整体,正面
1383,_,完脸,整体,正面
1383,_,快,物流,正面
1384,_,超补水,功效,正面
1384,_,不错,整体,正面
1384,_,好用,整体,正面
1385,爱,合适,价格,正面
1385,价格,合适,价格,正面
1385,水份,多,成分,正面
1385,_,喜欢,整体,正面
1386,粉质,很细腻,使用体验,正面
1387,_,紧绷,整体,负面
1388,包装,不错,包装,正面
1388,包装,冲是,包装,负面
1388,包装,清新,包装,正面
1388,_,可以,整体,正面
1388,香味,不错,气味,正面
1389,_,很好,整体,正面
1390,_,很好用,整体,正面
1391,效果,差不多,功效,正面
1391,_,普通,功效,中性
1391,_,补水,功效,正面
1392,效果,不错,功效,正面
1392,效果,感到,功效,正面
1392,送货,及时,物流,正面
1393,客服态度,很好,服务,正面
1393,客服态度,很快,服务,正面
1393,快递,很好,物流,正面
1393,快递,很快,物流,正面
1394,效果,不错,功效,正面
1394,隔离,不错,功效,正面
1394,包装,挺好的,包装,正面
1394,物流,很快,物流,正面
1395,专柜,挺好用的,整体,正面
1395,_,不知道是不是正品,真伪,中性
1396,_,差评,整体,负面
1397,_,不油腻,使用体验,正面
1397,_,轻薄,使用体验,正面
1397,遮瑕效果,不是特别好,功效,负面
1397,_,还可以,整体,正面
1398,价格优,不错,价格,正面
1398,价格优,喜欢,价格,正面
1398,价格优,好,价格,正面
1398,质量,好,其他,正面
1399,包装,没有,包装,负面
1400,价格,_,价格,正面
1400,隔离,好好用,功效,正面
1400,隔离,好用,功效,正面
1400,_,可以,整体,正面
1401,提亮肤色,不干,功效,正面
1401,_,很好用,整体,正面
1402,_,很喜欢,整体,正面
1403,_,不油腻,使用体验,正面
1403,_,清爽,使用体验,负面
1404,效果,可以,功效,正面
1405,价格,还不错,价格,正面
1406,吸收,不好,使用体验,负面
1406,_,好,整体,负面
1407,活动,搞,价格,正面
1407,保湿,很快,功效,正面
1407,保湿,很水润,功效,正面
1407,保湿,搞,功效,正面
1407,快递,很快,物流,正面
1408,活动,入手,价格,正面
1408,活动,多,价格,正面
1408,水漾心机,好多,价格,正面
1408,赠品,希望,价格,正面
1408,活动,搞,价格,正面
1408,活动,超级划算,价格,正面
1408,水漾心机,很不错,整体,正面
1409,_,好用,整体,正面
1410,_,水水的,使用体验,正面
1410,_,真的很好,整体,正面
1411,包装,好看,包装,正面
1411,_,不错,整体,正面
1411,_,还不错,整体,正面
1412,人们,可爱,整体,正面
1412,送货,好评,物流,正面
1412,发货,快,物流,正面
1412,送货,方便,物流,正面
1413,包邮,更好,整体,正面
1413,_,还不错,整体,正面
1414,_,买到,包装,正面
1414,包装,旧,包装,正面
1414,包装,是假,包装,正面
1414,生产日期,没有,新鲜度,负面
1415,_,物美价廉,价格,正面
1415,效果,非常好,功效,正面
1415,服务,很好,服务,正面
1415,配送速度,特别快,物流,正面
1416,面膜纸,不行,使用体验,负面
1417,_,不好闻,气味,负面
1418,价格,实惠,价格,正面
1418,_,不油腻,使用体验,正面
1418,_,好用,整体,负面
1419,吸收,还不错,使用体验,正面
1419,_,好评,整体,正面
1419,_,是正品,真伪,正面
1420,价格,实惠,价格,正面
1420,_,不卡粉,使用体验,正面
1420,_,还不错,整体,正面
1421,品牌 快递,快,包装,正面
1422,_,好用,整体,正面
1422,_,希望,整体,正面
1422,_,还不错,整体,正面
1423,_,挺喜欢的,整体,正面
1424,泡沫,丰富,使用体验,正面
1424,_,洗干净,功效,正面
1424,_,要,整体,正面
1424,香味,淡淡的,气味,正面
1425,效果,期待,功效,正面
1425,_,赠,功效,正面
1425,包装,完好,包装,正面
1425,物流,很快,物流,正面
1426,护肤,白,功效,正面
1426,快递小哥,白,物流,正面
1427,_,很保湿,功效,正面
1427,_,可以,整体,正面
1427,_,很喜欢,整体,正面
1427,_,很好,整体,正面
1427,_,购买,整体,正面
1428,_,不错,整体,正面
1428,送货速度,很快,物流,正面
1429,_,不卡粉,使用体验,正面
1429,购买,值得,整体,正面
1429,_,很不错,整体,正面
1430,包装,没用,包装,负面
1430,包装,精美,包装,正面
1430,_,用后,整体,正面
1431,_,不错,整体,正面
1431,_,值得,整体,正面
1432,_,水水的,使用体验,正面
1432,_,很多,其他,正面
1432,_,量很足,其他,正面
1433,价格,美丽,价格,正面
1433,_,挺好用,整体,正面
1434,_,很好,整体,正面
1435,肤色,很好,功效,正面
1435,_,喜欢,整体,正面
1436,_,很好,整体,正面
1437,_,还行,整体,正面
1438,吸收,上,使用体验,正面
1438,吸收,很容易,使用体验,正面
1438,吸收,挺好,使用体验,正面
1438,_,水嫩,使用体验,正面
1438,_,水嫩的,使用体验,正面
1439,_,不刺激,使用体验,正面
1439,卸妆水效果,不错,其他,正面
1439,_,很不错,整体,正面
1440,_,很舒适,使用体验,正面
1440,_,细腻,使用体验,正面
1441,_,不卡粉,使用体验,正面
1441,_,好用,整体,正面
1442,_,好,整体,正面
1442,_,还行,整体,正面
1443,皮肤问题,卡,使用体验,负面
1443,皮肤问题,还可以,整体,正面
1444,补水,_,功效,正面
1444,_,回购,整体,负面
1444,_,垃圾,整体,负面
1444,_,差,整体,负面
1445,_,不错,整体,正面
1446,起泡,很多,使用体验,负面
1446,_,很温和,使用体验,正面
1446,快递,_,物流,负面
1447,赠品,还有,价格,正面
1447,_,好,整体,正面
1447,_,给力,整体,正面
1447,_,快,物流,正面
1448,推开,差不多,使用体验,正面
1448,推开,很好用,使用体验,正面
1448,推开,很显白,使用体验,正面
1448,推开,特别好,使用体验,正面
1448,_,好评,整体,正面
1448,品牌 送货,很快,物流,正面
1449,推开,不好,使用体验,负面
1449,推开,拔干,使用体验,负面
1449,_,推荐,整体,正面
1450,价格,便宜多了,价格,正面
1451,_,可以,整体,正面
1451,_,购买,整体,正面
1451,_,还不错,整体,正面
1452,_,很小,尺寸,负面
1453,物流,很好,物流,正面
1453,物流,很给力,物流,正面
1454,_,很自然,功效,正面
1454,_,购买,整体,正面
1455,_,好多,价格,正面
1455,_,好,整体,正面
1455,_,非常好用,整体,正面
1456,_,不错,整体,正面
1457,_,方便,使用体验,正面
1457,_,快捷,其他,正面
1457,_,挺好的,整体,正面
1457,物流,快,物流,正面
1458,_,不错,整体,正面
1458,_,挺好用的,整体,正面
1459,变化,试用,整体,正面
1460,包装,一样,包装,正面
1460,包装,够用,包装,负面
1460,整体描述,一样,整体,正面
1460,_,不错,整体,正面
1460,整体描述,够用,整体,负面
1461,_,只用,整体,正面
1461,_,还行,整体,正面
1462,_,不错,整体,正面
1462,味道,不一样,气味,负面
1463,_,非常好用,整体,正面
1464,隔离,挺好用的,功效,正面
1465,_,回购,整体,正面
1465,_,很好,整体,正面
1466,清洁能力,一般,功效,中性
1467,_,是正品,真伪,正面
1468,_,很喜欢,整体,正面
1469,_,挺好用的,整体,正面
1469,_,推荐,整体,正面
1470,_,_,_,_
1471,味道,挺舒服的,气味,正面
1471,味道,还不错,气味,正面
1472,_,特别好用,整体,正面
1473,_,值,整体,正面
1473,_,真的好,整体,正面
1474,自然色,相近,使用体验,正面
1474,肤色,相近,功效,正面
1475,_,薄薄的,使用体验,正面
1475,_,挺好的,整体,正面
1476,_,很好,整体,正面
1476,老板,很满意,服务,正面
1477,赠品,要,价格,正面
1477,_,可以,整体,正面
1477,_,还可以,整体,正面
1478,_,很划算,价格,正面
1478,味道,好闻,气味,正面
1479,效果,不错,功效,正面
1480,_,不紧绷,使用体验,正面
1480,_,干皮,使用体验,负面
1480,_,挺舒服,整体,正面
1481,价格变动,快,价格,正面
1481,_,还行,整体,正面
1482,_,温和不刺激,使用体验,正面
1482,卸妆,很干净,功效,正面
1482,_,很好用,整体,正面
1483,购物,不错,整体,正面
1484,_,有点干,使用体验,负面
1484,_,还可以,整体,正面
1485,_,清爽,使用体验,负面
1485,_,挺好用的,整体,正面
1486,价格,便宜,价格,正面
1486,质量,挺好的,其他,正面
1486,_,值得,整体,正面
1487,盒子物流,很快,包装,正面
1487,_,到,整体,中性
1487,_,挺好的,整体,正面
1487,快递小哥态度,很好,物流,正面
1487,快递小哥态度,很快,物流,正面
1488,_,特别好用,整体,正面
1489,_,一如既往的好,整体,正面
1490,_,卸妆,功效,负面
1490,_,回购,整体,正面
1490,_,很好,整体,正面
1490,服务,好,服务,正面
1491,活动期间,很划算,价格,正面
1491,_,回购,整体,正面
1491,_,很满意,整体,正面
1491,_,是正品,真伪,正面
1492,降价,不开心,价格,负面
1492,降价,推荐,价格,正面
1492,降价,超好用,价格,正面
1493,_,实惠,价格,正面
1493,_,好用,整体,正面
1494,_,很水润,使用体验,正面
1494,_,不错,整体,正面
1494,_,值得,整体,正面
1494,_,购买,整体,正面
1495,_,挺不错的,整体,正面
1495,_,购买,整体,正面
1496,_,很划算,价格,正面
1496,_,赠,价格,正面
1496,描述,不错,整体,正面
1496,_,还挺好用的,整体,正面
1497,到货,很快,物流,正面
1497,_,是正品,真伪,正面
1498,_,好用,整体,正面
1498,_,好评,整体,正面
1498,_,希望,整体,正面
1498,_,很适合,整体,正面
1499,效果,挺好,功效,正面
1500,量,太少了,其他,负面
1501,_,很方便,整体,正面
1501,_,挺好用的,整体,正面
1502,_,挺滋润的,使用体验,正面
1502,_,挺好用的,整体,正面
1502,快递小哥服务态度,没得说,物流,正面
1503,_,还不错,整体,正面
1504,_,不错,整体,正面
1504,_,很喜欢,整体,正面
1505,_,回购,整体,正面
1505,_,很好用,整体,正面
1505,_,推荐,整体,正面
1506,_,_,_,_
1507,价格,合理,价格,正面
1507,补水效果,不错,功效,正面
1507,快递,给力,物流,正面
1508,优惠力度,很大,价格,正面
1508,_,好,整体,正面
1508,_,希望,整体,正面
1508,购物,很满意,整体,正面
1508,快递,超快,物流,正面
1509,价格,有点小贵,价格,负面
1509,_,贵,价格,负面
1509,_,物有所值,整体,正面
1510,补水,不太好,功效,负面
1510,补水,很好用,功效,正面
1510,人鱼,不太好,整体,负面
1510,人鱼,不怎么样,整体,负面
1510,人鱼,很好用,整体,正面
1511,价格,贵,价格,正面
1511,隔离,很好用,功效,正面
1512,保湿,一般,功效,中性
1512,水动力系列,要,整体,正面
1513,价格,实惠,价格,正面
1513,优惠活动,购买,价格,正面
1514,肌肤,合适,价格,正面
1514,肌肤,敏感,整体,负面
1514,_,试用,整体,正面
1514,发货速度,超快,物流,正面
1515,遮瑕,还不错,功效,正面
1516,活动,_,价格,正面
1516,_,超级划算,价格,正面
1517,味道,很好闻,气味,正面
1518,清洁能力,舒服,功效,正面
1519,_,不油腻,使用体验,正面
1519,服帖,好用,使用体验,负面
1519,服帖,很自然,使用体验,正面
1520,清洁能力,很好,功效,正面
1520,_,好评,整体,正面
1520,面奶,很好,整体,正面
1520,_,挺好用的,整体,正面
1520,味道,挺好,气味,正面
1520,味道,闻,气味,正面
1521,_,不喜欢,整体,负面
1521,_,紧绷,整体,负面
1521,味道,不好,气味,负面
1522,货后,到,整体,中性
1522,_,推荐,整体,正面
1522,_,购买,整体,正面
1522,货后,非常好,整体,正面
1523,_,到,使用体验,中性
1523,个人,很细腻,使用体验,正面
1523,_,很自然,功效,正面
1523,_,挺不错的,整体,正面
1524,活动,_,价格,正面
1524,_,超值,价格,正面
1524,_,很好用,整体,正面
1525,_,挺好,整体,正面
1525,_,是正品,真伪,正面
1526,活动,_,价格,正面
1526,质量,不错,其他,正面
1526,口碑,不错,整体,正面
1526,品牌 化妆品,不错,整体,正面
1527,_,回,整体,正面
1527,_,好用,整体,正面
1528,活动,_,价格,正面
1528,价格,便宜,价格,正面
1528,_,很好用,整体,正面
1529,效果,不错,功效,正面
1529,_,购买,整体,正面
1530,_,很喜欢,整体,正面
1530,_,非常不错,整体,正面
1531,_,不错,整体,正面
1531,_,很好,整体,正面
1531,物流,给了,物流,正面
1532,_,很少,使用体验,负面
1532,额头,偏白,功效,中性
1532,_,太白了,功效,负面
1532,_,不行,整体,负面
1532,额头,发黄,整体,正面
1533,_,很多,其他,正面
1533,_,挺好的,整体,正面
1534,_,还可以,整体,正面
1535,图片,上,包装,正面
1535,包装,完好,包装,正面
1535,图片,完好,包装,正面
1535,包装,差不多,包装,正面
1535,图片,差不多,整体,正面
1536,_,不错,整体,正面
1536,_,很喜欢,整体,正面
1537,补湿效果,还可以,功效,正面
1537,_,值得,整体,正面
1537,美妆博主,推荐,整体,正面
1538,_,不紧绷,使用体验,正面
1538,_,购买,整体,正面
1538,_,非常好用,整体,正面
1539,_,很滋润,使用体验,正面
1539,_,很自然,功效,正面
1539,_,挺满意的,整体,正面
1540,送货,很快,物流,负面
1540,快递师傅,很耐心,物流,正面
1541,味道,不错,气味,正面
1541,味道,很好,气味,正面
1541,味道,闻,气味,正面
1542,给力,不错,整体,正面
1543,_,打开,整体,正面
1544,头发油,快,物流,正面
1544,_,真好,物流,正面
1545,价格,很实惠,价格,正面
1545,体验,不错,整体,正面
1546,粉扑,小,使用体验,正面
1546,粉扑,没有,使用体验,负面
1546,粉扑,还可以,使用体验,正面
1547,_,物美价廉,价格,正面
1548,_,物美价廉,价格,正面
1548,_,推荐,整体,正面
1549,_,到,整体,中性
1549,物流,很快,物流,正面
1550,_,听,整体,正面
1550,_,好用,整体,正面
1550,_,挺好用的,整体,正面
1551,_,超级划算,价格,正面
1551,质量,不错,其他,正面
1551,换装,赠送,整体,正面
1552,提亮肤色,推荐,功效,正面
1552,提亮肤色,明显,功效,正面
1552,提亮肤色,服帖,功效,正面
1552,美女,推荐,整体,正面
1552,美女,试用,整体,正面
1552,_,非常好用,整体,正面
1553,_,不错,整体,正面
1554,质量,不错,其他,正面
1554,_,不错,整体,正面
1554,_,购买,整体,正面
1555,_,挺好的,整体,正面
1556,_,小,整体,正面
1557,_,还可以,整体,正面
1558,_,便宜,价格,正面
1558,_,还可以,整体,正面
1559,_,温和,使用体验,正面
1560,价格,很实惠,价格,正面
1560,_,很保湿,功效,正面
1560,_,回购,整体,正面
1560,_,好评,整体,正面
1560,_,用着好,整体,正面
1560,_,还不错,整体,正面
1561,朋友们,好用,整体,正面
1561,_,很喜欢,整体,正面
1562,_,不错,整体,正面
1563,隔离,好的,功效,正面
1563,隔离,谢谢,功效,正面
1564,_,喜欢,整体,正面
1564,配送速度,很快,物流,正面
1565,_,还不错,整体,正面
1566,_,不错,整体,正面
1566,_,好使,整体,正面
1566,_,挺好,整体,正面
1567,擦一天,不油腻,使用体验,正面
1567,上妆,不油腻,使用体验,正面
1567,上妆,喜欢,使用体验,负面
1567,上妆,很好,使用体验,正面
1568,质量,不错,其他,正面
1568,新包装,_,包装,正面
1568,颜值,不错,包装,正面
1568,服务,不错,服务,正面
1568,服务,好,服务,正面
1569,_,挺好用的,整体,正面
1570,_,好开心,整体,正面
1571,商品质量,好,其他,正面
1571,物流,快,物流,正面
1571,物流,用用,物流,负面
1572,_,很值,价格,正面
1572,味道,不是很喜欢,气味,负面
1572,味道,不错,气味,正面
1573,_,挺不错的,整体,正面
1573,_,期待,整体,负面
1574,_,特别好,整体,正面
1575,_,辣眼睛,使用体验,负面
1576,_,很满意,整体,正面
1576,态度,不错,服务,正面
1576,快递小哥,杠杠滴,物流,正面
1576,速度,杠杠滴,物流,正面
1577,_,挺补水的,功效,正面
1577,_,不好,整体,负面
1577,肌肤,敏感,整体,负面
1578,效果,好,功效,正面
1578,效果,好不,功效,正面
1578,_,应该是真的,真伪,正面
1579,_,值得,整体,正面
1579,_,很不错,整体,正面
1579,_,购买,整体,正面
1580,赠品,很多,价格,正面
1580,_,还可以,整体,正面
1580,_,是正品,真伪,正面
1581,_,一般,整体,中性
1581,_,凑够,整体,负面
1581,_,评论,整体,正面
1581,_,还不错,整体,正面
1582,_,值得,整体,正面
1583,_,物超所值,整体,正面
1583,_,非常好,整体,正面
1584,_,方便,使用体验,正面
1584,_,快捷,其他,正面
1584,_,购买,整体,正面
1584,_,还不错,整体,正面
1585,_,容易,使用体验,负面
1585,_,脱妆,使用体验,正面
1585,效果,很明显,功效,正面
1585,隔离,非常不错,功效,正面
1585,T区,上,整体,正面
1586,_,挺划算的,价格,正面
1586,_,用着好,整体,正面
1586,_,购买,整体,正面
1586,商家,很实惠,服务,正面
1586,商家,赠,服务,正面
1587,_,不油腻,使用体验,正面
1587,_,很清爽,使用体验,正面
1587,_,比较水润,使用体验,正面
1587,效果,不错,功效,正面
1587,_,挺好的,整体,正面
1588,质量,希望,其他,正面
1588,_,购买,整体,正面
1588,_,非常好用,整体,正面
1588,店家,一如既往的好,服务,正面
1588,方面,希望,服务,正面
1588,店家,希望,服务,正面
1589,早上,嫩嫩的,使用体验,正面
1589,感觉效果,非常棒,功效,正面
1590,肤色,变得,功效,正面
1590,肤色,白皙,功效,正面
1590,肤色,调整,功效,正面
1590,_,推荐,整体,正面
1590,气味,很好闻,气味,正面
1591,_,有点干,使用体验,负面
1591,_,值得,整体,正面
1591,_,购买,整体,正面
1591,_,还可以,整体,正面
1592,价格,不贵,价格,正面
1592,_,不厚重,使用体验,正面
1592,亮,淡淡的,功效,正面
1592,_,很喜欢,整体,正面
1592,味道,淡,气味,正面
1593,浮粉,短,使用体验,正面
1593,保湿,没有,功效,负面
1593,保湿,还行,功效,负面
1593,_,一般,整体,中性
1593,时间,短,物流,正面
1594,卸妆,挺干净的,功效,正面
1594,_,满意,整体,正面
1595,_,还可以,整体,正面
1596,补水,好用,功效,正面
1596,补水,很划算,功效,正面
1597,量,挺多的,其他,正面
1598,_,便宜,价格,正面
1598,_,不过敏,使用体验,正面
1598,_,挺好的,整体,正面
1599,袋子里面,没有,包装,负面
1599,失望,有点小,尺寸,负面
1600,价格,美丽,价格,正面
1600,_,很温和,使用体验,正面
1601,价格,差不多,价格,正面
1601,效果,还行,功效,正面
1602,性价比,一般,价格,中性
1602,价格,便宜,价格,正面
1603,遮瑕效果,不错,功效,正面
1603,_,自然,功效,正面
1603,_,不错,整体,正面
1604,价格,便宜,价格,正面
1604,_,很多,其他,正面
1604,_,上,整体,正面
1604,送货物流,快,物流,正面
1605,遮瑕,非常滋润,功效,正面
1605,_,非常好,整体,正面
1605,香味,淡淡的,气味,正面
1605,香味,还有,气味,正面
1606,_,不卡粉,使用体验,正面
1606,_,特别服帖,使用体验,正面
1606,提亮效果,明显,功效,正面
1606,_,值得,整体,正面
1606,_,非常好用,整体,正面
1607,_,还行,整体,正面
1607,香味淡些,更好,气味,正面
1608,快递,很快,物流,正面
1608,快递,没有,物流,负面
1608,快递,追加,物流,正面
1608,使用情况,追加,物流,正面
1609,_,_,_,_
1610,粉瓶,更滋润,使用体验,正面
1610,_,可以,整体,正面
1611,_,很滋润,使用体验,正面
1611,_,很好用,整体,正面
1612,外壳,希望,包装,正面
1612,_,长,整体,正面
1613,水,多,成分,正面
1613,水,还不错,成分,正面
1614,_,挺喜欢,整体,正面
1615,真心,不错,整体,正面
1615,_,值得,整体,正面
1615,_,回购,整体,正面
1615,_,购买,整体,正面
1616,滋润,可爱,使用体验,正面
1616,滋润,赠送,使用体验,正面
1616,_,好,整体,正面
1616,卖家,多,服务,正面
1616,卖家,赠送,服务,正面
1617,_,很多,其他,正面
1617,_,非常的不错,整体,正面
1617,清香,淡淡的,气味,正面
1618,隔离效果,很水润,功效,正面
1618,隔离效果,高,功效,正面
1619,_,不错,整体,正面
1620,设计,很棒,其他,正面
1620,量,足,其他,正面
1620,水口,出,整体,正面
1620,_,很不错,整体,正面
1620,水口,很棒,整体,正面
1621,体验,很好,整体,正面
1621,_,谢谢,整体,正面
1621,商家,热心,服务,正面
1621,体验,热心,服务,正面
1622,_,好,整体,正面
1622,_,小,整体,正面
1622,_,还可以,整体,正面
1623,_,超级划算,价格,正面
1623,颜色,很自然,功效,正面
1623,_,喜欢,整体,正面
1624,早上,到,功效,中性
1624,早上,很持久,功效,正面
1624,早上,脱掉,功效,正面
1624,_,挺舒服,整体,正面
1625,_,还不错,整体,正面
1626,_,好多,价格,正面
1626,_,精致,包装,正面
1627,_,回购,整体,正面
1627,_,很好用,整体,正面
1628,清洁能力,一般般,功效,中性
1629,_,很好,整体,正面
1629,_,物有所值,整体,正面
1630,水,一样,成分,正面
1630,_,假的,真伪,正面
1631,包装,非常好,包装,正面
1631,服务,好用,服务,正面
1631,服务,非常好,服务,正面
1631,物流配送,好用,物流,正面
1631,物流配送,非常好,物流,正面
1632,_,棒棒哒,整体,正面
1632,_,物超所值,整体,正面
1633,_,很喜欢,整体,正面
1633,_,很好用,整体,正面
1633,店里,正品,真伪,正面
1634,_,回,整体,正面
1634,_,挺好用的,整体,正面
1634,_,购买,整体,正面
1635,活动价,好用,价格,正面
1635,物流,到,物流,中性
1635,物流,喜欢,物流,正面
1635,物流,很合适,物流,正面
1636,口红颜色,不喜欢,功效,负面
1637,性价比,高,价格,正面
1637,_,值得,整体,正面
1637,_,很好,整体,正面
1637,_,购买,整体,正面
1637,_,非常喜欢,整体,正面
1638,_,滑滑的,使用体验,正面
1638,_,好用,整体,正面
1638,_,完脸,整体,正面
1639,物流,超快,物流,正面
1640,效果,不错,功效,正面
1640,_,很满意,整体,正面
1640,_,非常好,整体,正面
1640,物流,很快,物流,正面
1641,_,非常喜欢,整体,正面
1642,_,很便宜,价格,正面
1642,_,很划算,价格,正面
1643,_,好用,整体,正面
1644,棒补水,棒,功效,正面
1644,棒补水,超,功效,正面
1645,_,不卡粉,使用体验,正面
1645,_,自然,功效,负面
1645,_,好用,整体,正面
1646,包装,好,包装,正面
1646,物流,快,物流,正面
1647,颜色,很好,功效,正面
1647,_,很容易,功效,正面
1647,_,干,整体,正面
1648,物流,挺快的,物流,正面
1649,_,划算,价格,正面
1649,礼物,没,价格,负面
1650,_,不错,整体,正面
1650,_,挺好用的,整体,正面
1651,_,不卡粉,使用体验,正面
1651,_,很适合,整体,正面
1652,_,很喜欢,整体,正面
1652,_,非常好,整体,正面
1652,香,淡淡的,气味,正面
1653,_,好用,整体,正面
1653,味道,特别喜欢,气味,正面
1654,_,好多,价格,正面
1654,优惠,很好用,价格,正面
1654,价格,很好用,价格,正面
1654,性价比,很高,价格,正面
1654,优惠,超,价格,正面
1654,价格,超,价格,正面
1654,_,很满意,整体,正面
1654,_,要,整体,正面
1655,_,很温和,使用体验,正面
1656,_,很好用,整体,正面
1657,_,很亮,功效,正面
1657,_,不错,整体,正面
1657,_,很不错,整体,正面
1657,_,很好用,整体,正面
1658,_,不错,整体,正面
1658,_,可以,整体,正面
1658,_,喜欢,整体,正面
1658,_,购买,整体,正面
1659,个人,便宜,价格,正面
1659,_,好用,整体,正面
1660,_,好不,整体,正面
1660,_,好用,整体,正面
1660,_,还行,整体,正面
1661,活动价,_,价格,正面
1661,价格,很实惠,价格,正面
1661,_,还可以,整体,正面
1662,补水效果,很棒,功效,正面
1663,价格,便宜,价格,正面
1663,_,不错,整体,正面
1663,_,相当不错,整体,正面
1663,_,购买,整体,正面
1664,客服,_,服务,正面
1664,客服,要,服务,正面
1665,_,好用,整体,正面
1665,_,很棒,整体,正面
1666,保湿味道,很好闻,功效,正面
1666,_,不错,整体,正面
1667,保湿,不错,功效,正面
1667,_,值得,整体,正面
1667,_,购买,整体,正面
1668,价格,实惠,价格,正面
1668,_,有点少,尺寸,负面
1669,_,不紧绷,使用体验,正面
1669,_,很舒服,使用体验,正面
1669,_,不错,整体,正面
1669,MM,喜欢,整体,正面
1669,MM,购买,整体,正面
1670,品牌 快递,很给力,包装,正面
1670,下午,到,整体,中性
1670,气味,很香,气味,正面
1671,_,不油腻,使用体验,正面
1671,_,润润的,使用体验,负面
1671,_,不错,整体,正面
1672,_,不卡粉,使用体验,正面
1672,遮瑕效果,行,功效,正面
1672,_,还不错,整体,正面
1673,_,白,功效,正面
1673,_,不怎么样,整体,负面
1674,_,不好用,整体,负面
1674,_,刺鼻,气味,负面
1674,酒精味道,大,气味,正面
1675,补水效果,很好,功效,正面
1676,_,_,_,_
1677,质量,很好,其他,正面
1677,服务,一直信赖,服务,正面
1677,服务,不错,服务,正面
1677,服务,好,服务,正面
1677,服务,很好,服务,正面
1677,服务,快,服务,正面
1677,服务,物美价廉,服务,正面
1677,物流,快,物流,正面
1678,活动,很便宜,价格,正面
1678,活动,搞,价格,正面
1678,性价比,高,价格,正面
1678,_,真的好用,整体,正面
1679,粉扑,好,使用体验,正面
1679,盒子,挺漂亮的,包装,正面
1679,_,不错,整体,正面
1680,_,物美价廉,价格,正面
1680,真心,好物,整体,正面
1680,_,推荐,整体,正面
1681,优惠活动价格,不错,价格,正面
1682,成膜速度,一般,功效,中性
1682,效果,不错,功效,正面
1682,成膜速度,很滋润,功效,正面
1682,效果,泛白,功效,负面
1682,包装,不错,包装,正面
1682,发货,不错,物流,正面
1682,发货,很快,物流,正面
1682,发货,没有,物流,负面
1683,活动,上,价格,正面
1683,_,比较补水,功效,正面
1684,补水效果,很好,功效,正面
1685,瓶,小,包装,正面
1685,分量,足,成分,正面
1685,_,很好用,整体,正面
1685,_,还不错,整体,正面
1686,_,感谢,整体,正面
1686,_,特别满意,整体,正面
1687,效果,上脸,功效,正面
1687,效果,很好,功效,正面
1687,粉,很细腻,包装,正面
1687,_,很满意,整体,正面
1688,_,好用,整体,正面
1689,包装,老,包装,正面
1689,他家,老,包装,正面
1689,新包装,老,包装,正面
1689,他家,挺好的,整体,正面
1690,质量,放心,其他,正面
1690,_,很好用,整体,正面
1691,补水,不错,功效,正面
1692,_,好,整体,正面
1692,_,还不错,整体,正面
1693,_,很多,其他,正面
1693,_,希望,整体,负面
1693,店家,谢谢,服务,正面
1693,客服,谢谢,服务,正面
1694,包装,不错,包装,正面
1694,_,好不,整体,正面
1694,_,好用,整体,正面
1694,什么鬼,寄,整体,正面
1694,香倒,挺香的,气味,正面
1695,_,压扁了,包装,负面
1695,东西速度,没,物流,负面
1696,活动,搞,价格,正面
1697,_,好评,整体,正面
1697,_,挺好用的,整体,正面
1697,物流,很快,物流,正面
1698,_,平价,价格,正面
1698,补水效果,可以,功效,正面
1698,_,好用,整体,正面
1698,_,赠,整体,正面
1699,质量,没问题,其他,正面
1700,_,很自然,功效,正面
1700,_,不错,整体,正面
1701,_,挺喜欢,整体,正面
1701,_,购买,整体,正面
1702,_,不贵,价格,正面
1702,_,值得,整体,正面
1702,_,好,整体,正面
1703,补水,棒棒的,功效,正面
1703,_,回购,整体,正面
1704,保湿,不错,功效,正面
1704,保湿,很好,功效,正面
1704,保湿,非常补水,功效,正面
1705,价格,实惠,价格,正面
1705,_,很光滑,使用体验,正面
1705,_,用后,整体,正面
1705,时间,很好,物流,正面
1706,_,很好,整体,正面
1707,活动,_,价格,正面
1707,价钱,可以,价格,正面
1707,_,物有所值,整体,正面
1708,失望,有点小,尺寸,负面
1708,_,好用,整体,正面
1708,失望,希望,整体,正面
1708,快递,大赞,物流,正面
1709,效果,很不错,功效,正面
1709,购买,值得,整体,正面
1709,快递,很给力,物流,正面
1710,_,挺好用的,整体,正面
1710,_,还不错,整体,正面
1711,_,不好用,整体,负面
1712,包装,很好,包装,正面
1712,快递哥,很给力,包装,正面
1712,_,还可以,整体,正面
1713,_,不紧绷,使用体验,正面
1713,_,很干净,功效,正面
1713,_,很好用,整体,正面
1714,到货,很快,物流,正面
1715,_,温和不刺激,使用体验,正面
1715,卸妆,干净,功效,正面
1715,_,好用,整体,负面
1716,_,很喜欢,整体,正面
1717,_,好用,整体,正面
1717,_,超级好用,整体,正面
1718,_,好,整体,正面
1719,快递小哥,习惯,物流,正面
1719,快递小哥,很准时,物流,正面
1719,快递小哥,得,物流,正面
1720,_,超级好用,整体,正面
1721,_,好评,整体,正面
1721,_,购买,整体,正面
1721,_,赠送,整体,正面
1721,_,快,物流,正面
1722,小礼品,谢谢,价格,正面
1722,美白,_,功效,中性
1722,隔离,很好用,功效,正面
1722,_,很自然,功效,正面
1722,效果,还有,功效,正面
1723,_,很实惠,价格,正面
1724,_,不错,整体,正面
1724,_,很满意,整体,正面
1725,_,很值,价格,正面
1725,颜色,很自然,功效,正面
1726,价格幅度,大,价格,正面
1726,块钱,入手,整体,正面
1726,_,购买,整体,正面
1727,_,好用,整体,正面
1727,_,好评,整体,正面
1728,_,不错,整体,正面
1728,服务态度,很好,服务,正面
1728,物流,快,物流,正面
1729,泡沫,多,使用体验,正面
1729,泡沫,好用,使用体验,正面
1729,清洁能力,好用,功效,正面
1729,个人情况,奈斯,整体,正面
1729,整体描述,奈斯,整体,正面
1729,整体描述,好用,整体,正面
1730,_,很不错,整体,正面
1731,_,推荐,整体,正面
1731,_,购买,整体,正面
1731,_,还不错,整体,正面
1732,价格,奈斯,价格,正面
1732,价格,是正品,价格,正面
1732,价格,非常棒,价格,正面
1733,水,很多,成分,正面
1733,水,很补水,成分,正面
1733,水,推荐,成分,正面
1733,精华,超级多,成分,正面
1734,_,不错,整体,正面
1735,_,可以,整体,正面
1735,_,很不错,整体,正面
1736,_,到,整体,中性
1736,今天,到,整体,中性
1736,_,好不,整体,正面
1736,_,好用,整体,正面
1736,物流,很快,物流,正面
1737,公用,老,功效,正面
1738,价格,实惠,价格,正面
1738,_,很喜欢,整体,正面
1738,_,很好,整体,正面
1738,_,赞一个,整体,正面
1738,物流速度,很快,物流,正面
1739,_,好,整体,正面
1739,_,用后,整体,负面
1739,快递,太快了,物流,正面
1740,脸皮肤,光滑,使用体验,正面
1740,脸皮肤,贴,整体,正面
1740,_,非常好,整体,正面
1741,_,刺激,使用体验,正面
1741,补水效果,很好,功效,正面
1741,_,购买,整体,正面
1741,_,超赞,整体,负面
1741,_,还不错,整体,正面
1742,价格,合适,价格,正面
1742,_,不错,整体,正面
1742,物流,快,物流,正面
1743,作用,起到,功效,正面
1743,_,还可以,整体,正面
1744,_,好,整体,正面
1745,隔离,不会差,功效,正面
1745,_,特别好用,整体,正面
1746,温和度,比较好,使用体验,正面
1746,_,比较干净,功效,正面
1746,_,挺好,整体,正面
1747,效果,很好,功效,正面
1747,_,很满意,整体,正面
1748,卸妆,不紧绷,功效,正面
1748,卸妆,喜欢,功效,正面
1748,卸妆,干净,功效,正面
1748,卸妆,很好用,功效,正面
1748,_,回购,整体,正面
1749,_,很显白,功效,正面
1749,_,还挺好,整体,正面
1750,_,不紧绷,使用体验,正面
1750,_,还不错,整体,正面
1751,_,_,_,_
1752,_,方便,使用体验,正面
1752,盒子,挺好,包装,正面
1752,_,差不多,整体,正面
1753,_,细腻,使用体验,正面
1753,_,挺好用的,整体,正面
1753,味道,不干燥,气味,正面
1753,味道,很好闻,气味,正面
1754,家,便宜,服务,负面
1755,效果,失望,功效,负面
1755,效果,希望,功效,正面
1755,_,挺好的,整体,正面
1756,_,不怎么样,整体,负面
1756,_,不太喜欢,气味,负面
1757,_,很好用,整体,正面
1757,掐水,掐架,整体,负面
1758,_,好舒服,使用体验,正面
1758,个人情况,很喜欢,整体,正面
1759,保湿,好多,功效,正面
1759,保湿,还可以,功效,正面
1760,调子,高,价格,正面
1760,日期,旧,新鲜度,负面
1760,客服,_,服务,正面
1761,_,很舒服,使用体验,正面
1761,质量,不错,其他,正面
1761,_,好评,整体,正面
1761,_,很好,整体,正面
1762,_,很干,使用体验,负面
1762,_,可以,整体,正面
1763,遮红,挺自然,使用体验,正面
1763,遮红,挺好,整体,正面
1764,_,太干了,使用体验,负面
1764,_,很香,气味,正面
1765,_,不油腻,使用体验,正面
1765,_,还不错,整体,正面
1766,_,应该不错的,整体,正面
1766,_,应该还可以,整体,正面
1766,款,很不错,整体,正面
1767,质量,值得信赖,其他,正面
1767,质量,希望,其他,正面
1767,_,挺好的,整体,正面
1767,日期,靠,新鲜度,正面
1768,_,很喜欢,整体,正面
1769,_,便宜,价格,正面
1769,_,还好,整体,正面
1769,物流贼,快,物流,正面
1770,_,很多,其他,正面
1770,包装,很可爱,包装,正面
1771,价格,合理,价格,正面
1771,赠品,还有,价格,正面
1771,送货速度,很快,物流,正面
1772,_,很好,整体,正面
1772,_,很快,物流,正面
1773,清洁能力,一般,功效,中性
1773,清洁能力,可以,功效,正面
1774,_,物美价廉,价格,正面
1774,_,很薄,使用体验,正面
1774,补水效果,很好,功效,正面
1774,脸上大小,刚好,尺寸,正面
1774,脸上大小,贴在,尺寸,正面
1774,_,值得,整体,正面
1774,_,购买,整体,正面
1774,_,非常满意,整体,正面
1775,泡沫,很多,使用体验,正面
1775,_,好使,整体,正面
1776,_,过敏了,使用体验,负面
1776,面奶,还行,整体,正面
1776,店家,赠送,服务,正面
1777,补水效果,很好,功效,正面
1778,_,不油腻,使用体验,正面
1778,防晒效果,好,功效,正面
1778,防晒效果,希望,功效,正面
1778,_,挺好的,整体,正面
1778,_,快,物流,正面
1779,实惠,上,价格,正面
1779,_,很实惠,价格,正面
1779,包装,完美,包装,正面
1779,_,上,整体,正面
1779,_,不错,整体,正面
1779,_,发,整体,正面
1780,_,严实,包装,正面
1780,包装,仔细,包装,正面
1780,好评 hellip,要,整体,正面
1780,发货速度,非常快,物流,正面
1781,_,很好,整体,正面
1782,代言,特别喜欢,整体,正面
1783,敷上,刺痛,使用体验,正面
1783,_,很柔滑,使用体验,正面
1783,_,很舒服,使用体验,负面
1783,补水,很好,功效,正面
1783,_,硬,整体,负面
1784,货品,有点小贵,价格,负面
1784,_,谢谢,整体,正面
1784,送货速度,很快,物流,正面
1785,_,不错,整体,正面
1785,_,很喜欢,整体,正面
1786,_,很划算,价格,正面
1786,优惠活动,还有,价格,正面
1786,_,很好用,整体,正面
1786,_,打开,整体,正面
1786,_,棒棒的,整体,正面
1786,送货速度,很快,物流,正面
1787,_,到,整体,中性
1787,快递员,很好,物流,正面
1788,_,很多,其他,正面
1788,_,很补水,功效,正面
1788,宝宝们,可以,整体,正面
1788,宝宝们,喜欢,整体,正面
1788,_,挺好用的,整体,正面
1789,质量,好,其他,正面
1789,_,不错,整体,正面
1789,_,值得,整体,正面
1789,_,购买,整体,正面
1789,物流,快,物流,正面
1790,_,不刺激,使用体验,正面
1790,_,没有过敏现象,使用体验,正面
1790,_,特别舒服,使用体验,正面
1790,_,喜欢,整体,正面
1790,_,很好,整体,正面
1790,_,超级喜欢,整体,正面
1791,包装,可以,包装,正面
1792,_,比较水润,使用体验,正面
1792,肤色,比较自然,功效,正面
1792,肤色,调整,功效,正面
1793,个人,蛮喜欢的,整体,正面
1793,日期,到,新鲜度,中性
1794,_,好用,整体,正面
1794,_,希望,整体,正面
1794,物流,很快,物流,正面
1795,_,便宜,价格,正面
1796,面膜涂脸,上,整体,正面
1797,_,很好,整体,正面
1797,_,是正品,真伪,正面
1798,家里,好多,价格,正面
1798,补水,_,功效,正面
1798,保湿,好,功效,正面
1798,美白,好,功效,正面
1798,美白,很快,功效,正面
1798,保湿,很快,功效,正面
1798,_,坚持,整体,正面
1798,快递小哥服务态度,好,物流,正面
1799,_,挺好用的,整体,正面
1800,质量,非常不错,其他,正面
1801,特价,赠送,整体,正面
1801,人,希望,物流,正面
1801,人,水水嫩嫩的,物流,正面
1802,优惠券,_,价格,正面
1802,_,太赞了,整体,正面
1803,_,很水润,使用体验,正面
1803,_,挺薄的,使用体验,正面
1803,面膜哟,很好用,整体,正面
1804,赠品,还有,价格,正面
1804,质量,不错,其他,正面
1805,瓶,小,包装,正面
1806,_,不错,整体,正面
1806,_,到,整体,中性
1806,_,是正品,真伪,正面
1807,_,很多,其他,正面
1807,_,到,整体,中性
1807,_,挺好用的,整体,正面
1807,水口,太大了,气味,负面
1808,_,好用,整体,正面
1808,_,挺好,整体,正面
1808,_,期待,整体,正面
1808,_,是正品,真伪,正面
1808,_,期待,真伪,正面
1809,品牌 隔离霜,一直在用,功效,正面
1809,品牌 隔离霜,不错,功效,正面
1809,_,好,整体,正面
1810,专柜,是正品,真伪,正面
1811,_,不油腻,使用体验,正面
1811,_,不紧绷,使用体验,正面
1811,_,滋润,使用体验,正面
1811,_,喜欢,整体,负面
1811,_,很好用,整体,正面
1812,_,很自然,功效,正面
1812,_,喜欢,整体,正面
1812,_,挺好用的,整体,正面
1813,效果,不错,功效,正面
1813,_,入手,整体,正面
1814,_,信,整体,正面
1814,_,好评,整体,正面
1814,_,很好用,整体,正面
1814,_,购买,整体,正面
1815,_,好评,整体,正面
1815,_,很喜欢,整体,正面
1816,_,很自然,功效,正面
1816,_,非常不错,整体,正面
1816,香味,淡淡的,气味,正面
1817,母亲节礼物,特别实惠,价格,正面
1817,_,比较水润,使用体验,正面
1817,_,喜欢,整体,正面
1818,赠品,还有,价格,正面
1818,卸妆,回购,功效,正面
1818,卸妆,完美,功效,正面
1818,隔离效果,超级棒,功效,正面
1818,卸妆,还有,功效,正面
1818,_,挺好用的,整体,正面
1819,颜色,很正,功效,正面
1819,_,不错,整体,正面
1819,_,购买,整体,正面
1820,_,不错,整体,正面
1820,_,好,整体,正面
1820,发货,快,物流,正面
1821,_,划算,价格,正面
1821,贴肤,好用,整体,正面
1822,质量,不错,其他,正面
1822,_,很好,整体,正面
1822,_,满意,整体,正面
1822,客服态度,很好,服务,正面
1823,效果,没有,功效,负面
1824,量,太少了,其他,负面
1824,_,还可以,整体,正面
1825,_,太简陋了,整体,负面
1826,_,实在,价格,正面
1826,_,一般,整体,中性
1826,网购,到,整体,中性
1826,_,太差了,整体,负面
1826,网购,差,整体,负面
1826,_,差评,整体,正面
1826,脸眼睛,疼,整体,负面
1827,礼物,好多,价格,正面
1827,_,值得,整体,正面
1827,_,到,整体,中性
1827,_,可以,整体,正面
1827,_,特别好用,整体,正面
1827,_,购买,整体,正面
1827,发货,特别快,物流,正面
1828,_,挺干净的,功效,正面
1828,_,得,整体,正面
1829,_,还不错,整体,正面
1830,_,推荐,整体,正面
1830,_,购买,整体,正面
1830,_,非常好用,整体,正面
1831,_,不错,整体,正面
1831,_,赞一个,整体,正面
1832,_,好用,整体,正面
1833,_,_,_,_
1834,_,还不错,整体,正面
1835,_,不紧绷,使用体验,正面
1835,_,挺好用,整体,正面
1835,_,柔和,整体,正面
1836,补水效果,不错,功效,正面
1836,_,购买,整体,正面
1837,_,物美价廉,价格,正面
1837,购买,值得,整体,正面
1838,_,_,_,_
1839,小礼品,很多,价格,正面
1839,小礼品,赠送,价格,正面
1839,_,不错,整体,正面
1839,商家,很贴心,服务,正面
1840,_,不干,使用体验,正面
1840,_,很润,使用体验,正面
1840,保湿,很好,功效,正面
1840,_,挺好的,整体,正面
1841,_,很保湿,功效,正面
1841,_,很好,整体,正面
1842,_,还不错,整体,正面
1843,_,好多,价格,正面
1843,_,很合适,整体,正面
1844,_,蛮好的,整体,正面
1844,今天,很快,物流,正面
1845,精华,挺多的,成分,正面
1845,_,还不错,整体,正面
1846,_,不错,整体,正面
1847,_,挺好用的,整体,正面
1848,卸妆效果,差,功效,负面
1848,_,好评,整体,负面
1849,_,不好,整体,负面
1850,_,好多,价格,正面
1850,_,不错,整体,正面
1851,正品,挺好用的,真伪,正面
1852,_,优惠,价格,正面
1852,_,希望,价格,正面
1852,物流速度,很快,物流,正面
1853,_,不错,整体,正面
1854,粉质,淡,使用体验,正面
1854,粉质,重,使用体验,负面
1855,_,不油腻,使用体验,正面
1855,_,挺清爽的,使用体验,正面
1856,活动,_,价格,正面
1856,_,好划算,价格,正面
1857,美白效果,一直在用,功效,正面
1858,上色,好,整体,正面
1859,_,好评,整体,正面
1860,_,很好用,整体,正面
1860,用完,购买,整体,正面
1860,_,是正品,真伪,正面
1861,_,很好用,整体,正面
1861,快递小哥,给力,物流,正面
1861,快递小哥,谢谢,物流,正面
1862,_,滑滑的,使用体验,正面
1862,_,舒服,使用体验,正面
1862,卸妆,不刺激,功效,正面
1862,卸妆,很干净,功效,正面
1862,卸妆,温和,功效,正面
1862,_,完脸,整体,正面
1863,今天,到,整体,中性
1863,_,期待,整体,正面
1863,物流,很快,物流,正面
1864,_,值得,整体,正面
1864,_,很好,整体,正面
1864,_,购买,整体,正面
1864,品牌 物流,超快,物流,正面
1865,粉质,更好,使用体验,正面
1865,_,还不错,整体,正面
1866,清洁,可以,功效,正面
1866,清洁,挺清爽的,功效,正面
1866,清洁,满意,功效,正面
1866,个人情况,满意,整体,正面
1867,赠品,_,价格,正面
1867,_,挺好的,整体,正面
1867,_,到家,物流,正面
1868,_,很不错,整体,正面
1869,_,不紧绷,使用体验,正面
1869,_,干净,功效,正面
1869,_,不错,整体,正面
1869,_,挺好用的,整体,正面
1870,价格优惠质量,一直信赖,价格,正面
1870,价格优惠质量,很满意,价格,正面
1870,价格优惠质量,方便,价格,正面
1870,价格优惠质量,购买,价格,正面
1870,_,很好,整体,正面
1870,炒鸡,很满意,整体,正面
1871,油皮,很适合,使用体验,正面
1871,干皮,很适合,使用体验,正面
1871,干皮,有点油,使用体验,负面
1871,油皮,有点油,使用体验,负面
1872,_,_,_,_
1873,遮瑕,不是很好,功效,负面
1874,_,好用,整体,正面
1875,_,推荐,整体,正面
1875,_,非常满意,整体,正面
1876,活动,_,价格,正面
1876,_,很划算,价格,正面
1877,hellip,打底,整体,负面
1877,_,脱妆,整体,负面
1878,_,嫩嫩的,使用体验,正面
1878,_,很好用,整体,正面
1879,_,很好,整体,正面
1879,_,很快,物流,正面
1880,服帖,细腻,使用体验,正面
1880,_,推荐,整体,正面
1881,_,水水的,使用体验,正面
1881,_,滑滑的,使用体验,正面
1881,补水效果,可以,功效,正面
1882,_,挺好用的,整体,正面
1882,_,用上,整体,正面
1883,_,很实惠,价格,正面
1883,_,很满意,整体,正面
1883,_,很高兴,整体,正面
1883,速度,超快,物流,正面
1884,_,_,_,_
1885,礼物,_,价格,正面
1885,hellip,很喜欢,整体,正面
1885,hellip,赞一下,整体,正面
1886,_,不干,使用体验,正面
1886,_,不过敏,使用体验,正面
1886,_,很细腻,使用体验,正面
1886,_,很自然,功效,正面
1886,_,不错,整体,正面
1887,礼物,好多,价格,正面
1887,_,值得,整体,正面
1887,_,到,整体,中性
1887,_,可以,整体,正面
1887,_,特别好用,整体,正面
1887,_,购买,整体,正面
1887,发货,特别快,物流,正面
1888,隔离,一直用,功效,正面
1888,隔离,不错,功效,正面
1889,盒,喜欢,包装,正面
1889,代言,够用,整体,正面
1889,代言,相信,整体,正面
1890,_,还不错,整体,正面
1891,活动价格,还不错,价格,正面
1891,_,够用,整体,正面
1892,_,用上,整体,正面
1892,_,还不错,整体,正面
1893,女朋友,好用,整体,正面
1894,_,上,使用体验,正面
1894,_,不油腻,使用体验,正面
1894,吸收,很快,使用体验,正面
1894,_,清爽,使用体验,负面
1894,设计,方便,其他,正面
1894,美白,_,功效,中性
1894,效果,没有,功效,负面
1894,包装,很好看,包装,正面
1894,_,要,整体,正面
1895,补水 皮肤,变得,功效,正面
1895,补水 皮肤,好多,功效,正面
1895,补水 皮肤,购买,功效,正面
1895,补水 皮肤,非常棒,功效,正面
1895,_,非常好,整体,正面
1896,_,好,整体,正面
1896,_,希望,整体,正面
1896,_,很好,整体,正面
1896,货,贴,物流,正面
1897,_,不紧绷,使用体验,正面
1898,服务态度,不好,服务,负面
1898,_,不理,服务,正面
1898,服务态度,到,服务,中性
1898,_,建议,服务,正面
1899,_,喜欢,整体,正面
1899,_,好,整体,正面
1899,物流,好,物流,正面
1899,物流,给力,物流,正面
1900,_,不错,整体,正面
1901,_,实惠,价格,正面
1901,_,还可以,整体,正面
1902,_,挺不错的,整体,正面
1903,_,不错,整体,正面
1903,味道,挺好闻的,气味,正面
1903,速度,太快了,物流,正面
1904,_,只用,整体,正面
1904,_,还可以,整体,正面
1904,时间,没有,物流,负面
1904,时间,评论,物流,负面
1905,柔软,用着舒服,使用体验,正面
1905,柔软,细腻,使用体验,正面
1905,泡沫,细腻,使用体验,正面
1905,包装,用着舒服,包装,正面
1905,柔软,很好,整体,正面
1906,气垫妆感,非常好,使用体验,正面
1906,_,喜欢,整体,正面
1907,_,不紧绷,使用体验,正面
1907,_,好用,整体,正面
1907,_,用后,整体,正面
1908,活动,划算,价格,正面
1909,现象,干燥,使用体验,正面
1909,_,比较滋润,使用体验,正面
1909,现象,起皮,使用体验,正面
1910,降价,不错,价格,正面
1910,降价,比较自然,价格,正面
1910,颜色,比较自然,功效,正面
1911,_,不油腻,使用体验,正面
1911,滋润,乳用,使用体验,正面
1911,补水效果,好,功效,正面
1911,_,好评,整体,负面
1911,时间,乳用,物流,正面
1911,时间,长,物流,正面
1912,_,回购,整体,正面
1912,_,挺好的,整体,正面
1913,_,少,使用体验,正面
1913,包装,没有损坏,包装,正面
1914,颜色,很润,功效,正面
1914,_,很自然,功效,正面
1914,颜色,白,功效,正面
1914,颜色,非常不错,功效,正面
1914,_,喜欢,整体,正面
1915,效果,不错,功效,正面
1915,_,挺好,整体,正面
1915,_,闻,整体,正面
1915,味道,淡淡的,气味,正面
1916,_,不错,整体,正面
1916,_,很喜欢,整体,正面
1917,效果,不错,功效,正面
1917,_,上装,整体,正面
1918,送货速度,很快,物流,正面
1919,_,不好用,整体,负面
1920,类型,很服帖,使用体验,正面
1920,类型,清爽,使用体验,正面
1920,精华,不粘,成分,正面
1920,精华,清爽,成分,正面
1920,类型,喜欢,整体,正面
1921,赠品,_,价格,正面
1921,_,很大,价格,正面
1921,_,物美价廉,价格,正面
1922,_,不错,整体,正面
1922,_,值得,整体,正面
1922,_,喜欢,整体,正面
1923,_,很满意,整体,正面
1924,盒,打开,包装,负面
1925,_,挺水润的,使用体验,正面
1925,时间,够用,物流,正面
1926,_,不过敏,使用体验,正面
1926,_,好用,整体,负面
1927,价格,非常实惠,价格,正面
1927,_,很舒服,使用体验,正面
1927,_,非常喜欢,整体,正面
1928,_,还可以,整体,正面
1929,价格,非常实惠,价格,正面
1929,_,很好,整体,正面
1929,_,点赞,整体,正面
1929,服务,热情,服务,正面
1930,_,不好用,整体,负面
1931,_,不油腻,使用体验,正面
1931,_,清爽,使用体验,负面
1931,_,很喜欢用,整体,正面
1932,_,习惯,整体,正面
1932,_,挺好的,整体,正面
1933,_,物美价廉,价格,正面
1933,_,五星,整体,正面
1933,_,值得,整体,正面
1933,_,好评,整体,正面
1933,hellip,推荐,整体,正面
1933,_,购买,整体,正面
1934,补水,还行,功效,正面
1934,_,还可以,整体,正面
1935,_,超级划算,价格,正面
1935,_,很舒服,使用体验,正面
1935,_,乳用,整体,正面
1935,_,赞赞,整体,中性
1936,精华,太少,成分,负面
1936,_,一般,整体,中性
1937,_,可以,整体,正面
1937,_,用用,整体,正面
1937,_,还不错,整体,正面
1937,_,还行,整体,正面
1938,_,不错,整体,正面
1939,_,很不错,整体,正面
1940,_,非常合适,价格,正面
1940,_,敏感,使用体验,负面
1940,_,洗面,使用体验,正面
1940,_,温和,使用体验,正面
1940,_,很喜欢,整体,正面
1941,鱼,不错,整体,正面
1941,鱼,还有,整体,正面
1942,_,合算,价格,正面
1942,活动,搞,价格,正面
1942,_,润润的,使用体验,正面
1943,活动,_,价格,正面
1943,面膜箱,赠送,整体,正面
1943,面膜箱,还有,整体,正面
1943,_,非常棒,整体,正面
1944,_,好好,整体,正面
1944,_,好评,整体,正面
1944,_,非常好,整体,正面
1945,包装,完好,包装,正面
1945,_,用后,整体,正面
1945,_,是正品,真伪,正面
1946,美好,回购,使用体验,正面
1946,美好,柔和,使用体验,正面
1946,美好,细腻,使用体验,正面
1946,美好,喜欢,整体,正面
1946,美好,非常好用,整体,正面
1947,_,红肿,使用体验,负面
1947,_,谢谢,整体,正面
1948,_,很划算,价格,正面
1948,_,很舒服,使用体验,正面
1949,_,不服帖,使用体验,负面
1949,_,很干,使用体验,负面
1949,_,抹不开,使用体验,负面
1949,_,一般般,整体,中性
1950,遮瑕效果,_,功效,中性
1950,包装,精美,包装,正面
1950,hellip,精美,包装,正面
1950,hellip,不错,整体,正面
1950,hellip,新鲜,新鲜度,正面
1950,日期,新鲜,新鲜度,正面
1951,保湿效果,不错,功效,正面
1951,保湿效果,很水嫩,功效,正面
1951,保湿效果,还行,功效,正面
1952,泡沫,丰富,使用体验,正面
1952,泡沫,细腻,使用体验,正面
1952,_,回购,整体,负面
1952,_,完脸,整体,正面
1953,价格,实惠,价格,正面
1953,粉丝,实惠,价格,正面
1953,粉丝,还不错,整体,正面
1954,赠品,_,价格,正面
1954,_,好多,价格,正面
1954,_,得,整体,正面
1954,顾客,老,整体,正面
1955,_,挺水润的,使用体验,正面
1955,_,很喜欢,整体,正面
1956,_,不过敏,使用体验,正面
1956,_,很好用,整体,正面
1957,_,不过敏,使用体验,正面
1957,_,很好,整体,正面
1957,_,是正品,真伪,正面
1958,增白效果,不油腻,功效,正面
1958,增白效果,试用,功效,正面
1958,香味,淡淡的,气味,正面
1958,蛮好,淡淡的,气味,正面
1959,保湿 保湿效果,不错,功效,正面
1959,_,很满意,整体,正面
1959,卖家服务态度,很好,服务,正面
1959,发货速度,快,物流,正面
1960,保湿,不过敏,功效,正面
1960,保湿,滋润,功效,正面
1960,_,非常好用,整体,正面
1961,_,寄,整体,正面
1961,物流,一般,物流,中性
1962,遮瑕效果,很好,功效,负面
1962,包装,很好,包装,正面
1962,快递员,_,物流,正面
1962,快递,挺快的,物流,正面
1963,_,填,整体,正面
1963,_,好评,整体,正面
1964,赠品,好用,价格,正面
1964,_,很实惠,价格,正面
1964,_,不错,整体,正面
1964,_,好,整体,正面
1964,_,推荐,整体,正面
1965,_,还不错,整体,正面
1966,包装,有点简陋,包装,负面
1966,盒子,破损,包装,负面
1966,快递,快,物流,正面
1966,快递,是真,物流,正面
1967,_,非常满意,整体,正面
1968,_,比较方便,使用体验,正面
1969,_,太干,使用体验,负面
1969,_,不太好,整体,负面
1969,_,要,整体,正面
1970,_,自然,功效,正面
1970,_,挺好的,整体,正面
1971,优惠力度,很高,价格,正面
1971,_,很好用,整体,正面
1971,_,推荐,整体,正面
1972,效果,期待,功效,正面
1972,物流,好快,物流,正面
1973,_,清爽,使用体验,正面
1973,_,推荐,整体,正面
1974,老店,不会差,整体,正面
1974,_,垃圾,整体,负面
1975,_,起皮,使用体验,正面
1975,效果,很明显,功效,正面
1975,_,很自然,功效,正面
1975,_,很不错,整体,正面
1975,味道,很不错,气味,正面
1975,_,很清新,气味,正面
1976,_,好用,整体,正面
1977,_,不错,整体,正面
1978,味道,还行,气味,正面
1979,效果,期待,功效,负面
1979,发货速度,很快,物流,正面
1980,赠品,不错,价格,正面
1980,活动,入手,价格,正面
1980,赠品,很实惠,价格,正面
1981,_,很舒服,使用体验,正面
1981,_,比较厉害,使用体验,负面
1981,隔离,很不错,功效,正面
1981,_,很满意,整体,正面
1981,味道,喜欢,气味,正面
1982,_,比较服帖,使用体验,正面
1982,_,自然,功效,正面
1982,_,好评,整体,正面
1982,_,挺好用的,整体,正面
1982,速度,很快,物流,正面
1983,价格,优惠,价格,正面
1983,_,好评,整体,正面
1983,_,还可以,整体,正面
1984,_,是正品,真伪,正面
1985,_,超划算,价格,正面
1985,_,挺补水的,功效,正面
1985,_,回购,整体,正面
1986,赠品,还有,价格,正面
1986,遮瑕效果,不错,功效,正面
1986,提亮,不错,功效,正面
1986,提亮,值得推荐,功效,正面
1986,提亮,多,功效,正面
1986,肤色,好多,功效,正面
1986,_,挺好的,整体,正面
1987,_,得,整体,正面
1987,_,挺好用的,整体,正面
1987,清香,小,气味,正面
1987,清香,很均匀,气味,正面
1987,清香,还不错,气味,正面
1987,清香,还有,气味,正面
1988,_,很滑,使用体验,正面
1989,_,挺好的,整体,正面
1990,价格,不贵,价格,正面
1990,_,非常好用,整体,正面
1991,_,便宜,价格,正面
1991,_,希望,价格,正面
1991,_,很好用,整体,正面
1991,_,很适合,整体,正面
1992,_,好用,整体,正面
1993,性价比,高,价格,正面
1993,_,不脱妆,使用体验,正面
1993,_,回购,整体,正面
1994,油皮,很适合,使用体验,正面
1995,持久,好,功效,负面
1995,持久,还行,功效,正面
1995,味道,淡淡的,气味,正面
1995,味道,还行,气味,正面
1996,_,不干,使用体验,正面
1996,遮瑕,很滋润,功效,正面
1997,_,不刺激,使用体验,正面
1997,_,特别舒服,使用体验,正面
1997,_,到,整体,中性
1997,_,特别喜欢,整体,正面
1997,_,老,整体,正面
1997,_,贴在,整体,正面
1998,小礼品,很多,价格,正面
1998,_,很棒,整体,正面
1998,味道,淡淡的,气味,正面
1998,香味,淡淡的,气味,正面
1998,_,是正品,真伪,正面
1999,_,好,整体,正面
2000,_,好多,价格,正面
2000,_,好实惠,价格,正面
2000,_,非常好用,整体,正面
2001,_,合适,价格,负面
2001,_,不太好,整体,负面
2001,物流,还行,物流,正面
2002,_,挺不错的,整体,正面
2003,颜色自然外壳,好看,功效,正面
2003,墙,白,功效,负面
2003,_,好看,整体,正面
2003,_,赞,整体,正面
2003,代言,重要,整体,正面
2004,_,好,整体,正面
2004,_,希望,整体,正面
2005,_,挺好的,整体,正面
2006,_,不刺激,使用体验,正面
2006,伙伴,小,整体,正面
2006,油性皮肤,建议,整体,正面
2006,伙伴,建议,整体,正面
2006,_,柔和,整体,正面
2007,黑色,很好,整体,正面
2007,_,挺好用的,整体,正面
2007,黑色,最好用,整体,正面
2008,_,_,_,_
2009,价格,_,价格,正面
2009,_,一般般,整体,中性
2009,_,好,整体,正面
2010,_,非常好用,整体,正面
2011,补水效果,不错,功效,正面
2011,_,购买,整体,正面
2012,_,很温和,使用体验,正面
2012,设计,方便,其他,正面
2012,设计,真的好,其他,正面
2012,_,卸妆,功效,负面
2012,卸妆,很贴心,功效,正面
2012,_,购买,功效,正面
2013,_,不错,整体,正面
2014,_,挺好的,整体,正面
2015,_,_,_,_
2016,_,干净,功效,正面
2017,隔离效果,好,功效,正面
2017,美白,滋润,功效,正面
2018,补水,_,功效,正面
2018,保湿,可以,功效,正面
2018,_,五星,整体,正面
2018,_,好评,整体,正面
2019,_,差,整体,正面
2019,客服态度,不好,服务,负面
2020,_,不错,整体,正面
2021,_,不过敏,使用体验,正面
2021,味道,太浓,气味,负面
2022,_,搓泥,使用体验,正面
2022,控油,特别好,功效,正面
2022,使用感,还不错,整体,正面
2023,_,很好,整体,正面
2024,_,物美价廉,价格,正面
2024,_,五星,整体,正面
2024,_,值得,整体,正面
2024,_,好评,整体,正面
2024,_,购买,整体,正面
2024,发货,很快,物流,正面
2025,_,挺好,整体,正面
2026,效果,很不错,功效,正面
2026,_,上,整体,正面
2027,妆感,厚,使用体验,正面
2028,洁面,一般般,功效,中性
2029,_,比较轻薄,使用体验,正面
2029,补水,_,功效,正面
2029,_,可以,整体,正面
2029,_,好,整体,正面
2029,_,差不多,整体,正面
2029,_,还可以,整体,正面
2030,_,喜欢,整体,正面
2031,_,特别补水,功效,正面
2032,赠品,很多,价格,正面
2032,擦上去,细腻,使用体验,正面
2032,肤色,偏黄,功效,负面
2032,_,太好了,整体,正面
2033,_,挺好用的,整体,正面
2034,实惠,很划算,价格,正面
2034,关键,很划算,价格,正面
2034,实惠,挺舒服的,价格,正面
2034,实惠,推荐,价格,正面
2034,实惠,超,价格,正面
2034,实惠,还不错,价格,正面
2034,_,很温和,使用体验,正面
2034,_,很好用,整体,正面
2035,活动,搞,价格,正面
2035,活动,超级划算,价格,正面
2035,_,非常好用,整体,正面
2036,_,垃圾,整体,负面
2036,_,差评,整体,负面
2036,_,建议,整体,正面
2037,价格,买到,价格,正面
2037,价格,太划算了,价格,正面
2037,_,特别好用,整体,正面
2037,送货,到家,物流,正面
2037,快递员,感谢,物流,正面
2037,送货,特别快,物流,正面
2038,_,实惠,价格,正面
2038,_,很不错,整体,正面
2039,_,不错,整体,正面
2039,_,好用,整体,正面
2040,味道,很不错,气味,正面
2041,质地,很轻薄,使用体验,正面
2041,肤色,均匀,功效,正面
2042,_,满意,整体,正面
2042,_,是正品,真伪,正面
2043,_,挺不错,整体,正面
2043,物流,很快,物流,正面
2044,_,希望,整体,正面
2044,_,很给力,整体,正面
2044,_,用用,整体,正面
2045,价钱,挺好的,价格,正面
2045,_,不怎么样,整体,负面
2046,_,_,_,_
2047,_,还不错,整体,正面
2048,精华,多omg,成分,正面
2048,今天,到,整体,中性
2048,到爆,多omg,整体,正面
2048,到爆,真的好用,整体,正面
2048,到爆,快,物流,正面
2049,涂上,不腻,使用体验,正面
2049,_,很喜欢,整体,正面
2049,香味,淡淡的,气味,正面
2050,包装,还可以,包装,正面
2050,大小,适合,尺寸,正面
2050,_,还行,整体,正面
2051,好假,很自然,功效,正面
2051,用上,很自然,功效,正面
2051,_,不错,整体,正面
2052,_,很服帖,使用体验,正面
2052,_,好用,整体,正面
2053,质地,没有,使用体验,负面
2053,质地,清爽,使用体验,正面
2053,_,试用,整体,正面
2053,气味,没有,气味,负面
2053,_,正品,真伪,正面
2054,_,起皮,使用体验,负面
2055,上妆,不错,使用体验,正面
2055,上妆,很合适,使用体验,正面
2055,上妆,挺好的,使用体验,正面
2055,气味娃娃,失望,气味,负面
2055,_,希望,气味,正面
2055,气味娃娃,挺好的,气味,正面
2056,优惠力度,没有,价格,负面
2056,_,搓泥,使用体验,正面
2057,店里,便宜太多了,价格,正面
2057,_,太划算了,价格,正面
2057,店里,好用,整体,正面
2058,价格,实惠,价格,正面
2058,_,上,整体,正面
2058,_,赞一个,整体,正面
2058,送货,快,物流,正面
2059,质量,不错,其他,正面
2059,爱妻,非常喜欢,整体,正面
2059,快递小哥服务,到位,物流,正面
2060,_,很清爽,使用体验,正面
2060,_,用后,使用体验,正面
2060,_,好,整体,正面
2061,赠品,_,价格,正面
2061,清香,很多,气味,正面
2061,清香,很满意,气味,正面
2061,味道,淡淡的,气味,正面
2061,清香,淡淡的,气味,正面
2062,水乳,泡,整体,正面
2062,味道,难闻,气味,负面
2063,_,挺好的,整体,正面
2064,价格,_,价格,正面
2064,_,实在,价格,正面
2064,_,过敏了,使用体验,负面
2064,_,好,整体,负面
2065,包装,精致,包装,正面
2065,_,一如既往的好,整体,正面
2065,_,值得,整体,正面
2065,物流,快,物流,正面
2066,_,特别湿润,使用体验,正面
2066,_,细致,使用体验,正面
2066,_,舒服,使用体验,正面
2066,补水效果,没得说,功效,正面
2066,_,好用,整体,正面
2066,_,还有,整体,正面
2067,上妆效果,比较自然,功效,正面
2067,_,很好,整体,正面
2068,量,很少,其他,负面
2068,_,不一样,气味,负面
2068,味道,可以,气味,正面
2068,_,是正品,真伪,正面
2069,人鱼,没,价格,负面
2069,_,不好用,整体,负面
2069,人鱼,好用,整体,负面
2069,_,贴,整体,负面
2069,_,打开,气味,正面
2069,气味,难闻,气味,负面
2070,_,好用,整体,正面
2071,_,_,_,_
2072,物流,超快,物流,正面
2072,物流,送到,物流,正面
2072,_,是正品,真伪,正面
2073,补水效果,刺激,功效,负面
2073,补水效果,很好,功效,正面
2073,粉丝,很好,整体,正面
2073,粉丝,爱,整体,正面
2073,粉丝,购买,整体,正面
2073,正品,很好,真伪,正面
2073,正品,爱,真伪,正面
2073,正品,购买,真伪,正面
2074,_,很服帖,使用体验,正面
2074,_,特别薄,使用体验,正面
2074,_,习惯,整体,正面
2074,_,好,整体,正面
2074,香味,重,气味,负面
2075,包装,太差,包装,正面
2075,包装,没有,包装,负面
2075,套盒,可以,整体,负面
2075,_,好不,整体,正面
2075,_,好用,整体,正面
2076,_,很服帖,使用体验,正面
2076,遮瑕效果,_,功效,中性
2076,持妆效果,不错,功效,正面
2076,持妆效果,没,功效,负面
2076,问题,不错,整体,正面
2077,阿姨,很喜欢,整体,正面
2078,价格,合理,价格,正面
2078,质量,可以,其他,正面
2078,质量,合理,其他,正面
2078,质量,希望,其他,正面
2078,_,还可以,整体,正面
2079,质量,还可以,其他,正面
2079,_,不错,整体,正面
2079,_,期待,整体,正面
2079,_,购买,整体,正面
2080,遮暇效果,不错,功效,正面
2080,保湿,很好,功效,正面
2080,保湿,非常喜欢,功效,正面
2080,遮暇效果,非常喜欢,功效,正面
2080,_,购买,整体,正面
2080,快递,很快,物流,正面
2080,快递,满意,物流,正面
2081,_,很划算,价格,正面
2081,_,挺好的,整体,正面
2081,_,用上,整体,正面
2082,_,很服帖,使用体验,正面
2082,紫色,很好看,包装,正面
2082,_,很不错,整体,正面
2082,味道,淡,气味,正面
2082,紫色,淡,气味,正面
2082,味道,香香的,气味,正面
2083,_,很划算,价格,正面
2083,_,很服帖,使用体验,正面
2083,_,很水润,使用体验,正面
2084,_,很好吸收,使用体验,正面
2084,盖子,蠢,包装,正面
2084,_,好看,整体,负面
2084,_,希望,整体,负面
2084,_,还可以,整体,正面
2085,朋友们,听,整体,正面
2085,朋友们,蛮好的,整体,正面
2085,_,购买,整体,正面
2086,小样,好多,价格,正面
2086,卖家,有心,服务,正面
2087,_,好,整体,正面
2087,客服小茜服务,很好,物流,正面
2087,客服小茜服务,还有,物流,正面
2088,_,到,整体,中性
2088,_,蛮好的,整体,正面
2088,_,快,物流,正面
2089,_,没有过敏,使用体验,正面
2089,_,还不错,整体,正面
2090,价格,适中,价格,正面
2090,_,太干,使用体验,正面
2090,_,粉粉的,包装,正面
2090,_,很不错,整体,正面
2090,_,很喜欢,整体,正面
2091,价格,实惠,价格,正面
2091,到家,很方便,整体,正面
2092,_,一般般,整体,中性
2092,_,好用,整体,正面
2093,_,挺滋润,使用体验,正面
2093,_,方便,使用体验,正面
2093,_,挺好的,整体,正面
2093,快递,非常快,物流,正面
2093,_,是正品,真伪,正面
2094,_,很好用,整体,正面
2095,_,很好用,整体,正面
2095,_,是正品,真伪,正面
2096,_,可以,整体,正面
2096,_,好用,整体,正面
2096,_,购买,整体,正面
2096,_,非常喜欢,整体,正面
2097,_,挺好的,整体,正面
2098,_,很补水,功效,正面
2098,包装,一样,包装,正面
2098,包装,喜欢,包装,正面
2098,包装,很漂亮,包装,正面
2098,包装,超,包装,正面
2099,_,一如既往的喜欢,整体,正面
2100,早上,到,整体,中性
2100,_,很满意,整体,正面
2100,物流,很快,物流,正面
2101,_,容易抹开,使用体验,正面
2101,_,很不错,整体,正面
2101,_,很喜欢,整体,正面
2102,_,很划算,价格,正面
2102,乳液,很多,成分,正面
2102,_,可以,整体,负面
2103,气味,不是正品,气味,负面
2103,气味,刺鼻,气味,负面
2104,_,物美价廉,价格,正面
2104,包装,精美,包装,正面
2104,_,值得,整体,正面
2105,价格,实惠,价格,正面
2105,上妆,很喜欢,使用体验,正面
2105,上妆,很快,使用体验,正面
2105,上妆,特别服帖,使用体验,正面
2105,物流,很快,物流,正面
2106,_,很棒,整体,正面
2107,_,很好用,整体,正面
2107,快递,很快,物流,正面
2107,_,是正品,真伪,正面
2108,_,挺自然,使用体验,正面
2108,遮瑕,不太好,功效,负面
2108,_,还不错,整体,正面
2109,_,划算,价格,正面
2109,品牌质量,好,其他,正面
2109,品牌质量,很好,其他,正面
2109,_,好,整体,正面
2109,_,好好,整体,正面
2109,售后,很好,服务,正面
2109,售后,相信,服务,正面
2110,_,_,_,_
2111,设计,不错,其他,正面
2111,面奶,不错,整体,正面
2111,_,好,整体,正面
2112,质量,非常好,其他,正面
2112,快递速度,很快,物流,正面
2113,价格,便宜,价格,正面
2114,_,太干了,使用体验,负面
2114,补水,期待,功效,负面
2114,补水,用上,功效,负面
2115,洗护套装,好多,价格,正面
2115,性价比,高,价格,正面
2115,_,很不错,整体,正面
2116,_,挺好的,整体,正面
2117,_,回购,整体,正面
2117,_,挺好的,整体,正面
2118,脸颊,刺痛,使用体验,负面
2118,效果,没什么,功效,负面
2119,效果,不好,功效,负面
2119,效果,期待,功效,正面
2119,包装,不好,包装,负面
2119,包装,期待,包装,正面
2120,_,很划算,价格,正面
2120,质地,一样,使用体验,正面
2120,_,很好用,整体,正面
2120,_,满意,整体,正面
2121,补水效果,推荐,功效,正面
2121,补水效果,真的很不错,功效,正面
2122,泡沫,丰富,使用体验,正面
2122,_,洗得干净,功效,正面
2122,_,好,整体,正面
2122,_,好评,整体,正面
2122,_,紧绷,整体,正面
2122,物流,快,物流,正面
2123,保湿,好用,功效,正面
2123,爱,特别好,功效,正面
2123,保湿,特别好,功效,正面
2123,_,超,整体,正面
2124,_,挺好的,整体,正面
2124,_,还可以,整体,正面
2124,味道,喜欢,气味,正面
2124,味道,淡淡的,气味,正面
2125,_,不紧绷,使用体验,正面
2125,_,很舒服,使用体验,正面
2125,_,好用,整体,正面
2126,_,不错,整体,正面
2126,_,很好,整体,正面
2127,补水效果,很好,功效,正面
2127,_,是正品,真伪,正面
2128,赠品,_,价格,正面
2128,啥子,不开心,整体,负面
2128,啥子,不一样,气味,负面
2129,_,好用,整体,正面
2130,价格,不贵,价格,正面
2130,痘痘,不会过敏,使用体验,正面
2130,_,不错,整体,正面
2130,_,可以,整体,正面
2130,_,比较适合,整体,正面
2131,_,舒服,使用体验,正面
2131,清洁度,中等,功效,中性
2131,_,回购,整体,正面
2131,_,柔和,整体,正面
2132,_,很多,其他,正面
2132,质量,非常好,其他,正面
2133,_,很补水,功效,正面
2133,_,很好,整体,正面
2134,试用,推荐,使用体验,正面
2134,补水效果,不错,功效,正面
2134,补水效果,很多,功效,正面
2134,精华,很服帖,成分,正面
2134,试用,确实不错,整体,正面
2135,_,很好,整体,正面
2135,服务态度,很好,服务,正面
2136,包装,完好,包装,正面
2136,_,很好用,整体,正面
2137,活动,_,价格,正面
2137,_,划算,价格,正面
2137,补水效果,不错,功效,正面
2138,物流,很快,物流,正面
2138,物流,很棒,物流,正面
2139,_,很自然,功效,正面
2139,肤色,用后,功效,正面
2139,_,好评,整体,正面
2139,_,很喜欢,整体,正面
2139,香味,_,气味,正面
2139,物流,超快,物流,正面
2140,_,喜欢,整体,正面
2140,_,得,整体,正面
2141,_,_,_,_
2142,_,不错,整体,正面
2142,_,用后,整体,正面
2142,物流,很快,物流,正面
2143,_,有点干,使用体验,负面
2143,_,还不错,整体,正面
2144,_,很好用,整体,正面
2145,补水效果,非常好,功效,正面
2146,隔离,没有,功效,负面
2146,效果,还不错,功效,正面
2146,物流,很快,物流,正面
2147,速度,很快,物流,正面
2148,效果,不错,功效,正面
2148,效果,期待,功效,正面
2148,包装,不错,包装,正面
2149,保湿,好,功效,正面
2149,保湿,非常好,功效,正面
2150,赠品,很好,价格,正面
2150,保湿,试用,功效,正面
2150,保湿,贴心,功效,正面
2150,服务,贴心,服务,正面
2150,香味,淡淡的,气味,正面
2151,活动,最合适,价格,正面
2151,_,特别好,整体,正面
2152,包装,挺好的,包装,正面
2152,换装,还有,整体,正面
2153,质量,好,其他,正面
2153,_,很好用,整体,正面
2153,_,购买,整体,正面
2154,补水效果,超好,功效,正面
2154,_,很好用,整体,正面
2154,_,快,物流,正面
2155,_,很好,整体,正面
2155,卖家,一样,服务,正面
2156,_,贵了,价格,负面
2157,_,好好,整体,正面
2157,_,很好用,整体,正面
2158,商品包装,不太好,包装,负面
2158,_,好评,整体,正面
2158,_,追加,整体,正面
2158,快递服务态度,很好,物流,正面
2159,_,很喜欢,整体,正面
2160,补水效果,很好,功效,负面
2160,_,值得,整体,正面
2161,家,下雨,服务,正面
2161,家,帮忙,服务,正面
2161,家,送到,服务,正面
2162,_,白,功效,正面
2162,_,喜欢,整体,正面
2162,_,很好,整体,正面
2162,_,香香的,气味,正面
2162,_,快,物流,正面
2163,_,太香了,气味,负面
2164,_,优惠,价格,正面
2164,价钱,给力,价格,正面
2164,_,购买,整体,正面
2164,_,非常好,整体,正面
2165,补水,很补水,功效,正面
2166,隔离,非常好用,功效,正面
2167,泡沫,没有,使用体验,负面
2167,_,不好,整体,负面
2167,味道,太刺鼻,气味,正面
2168,_,很细腻,使用体验,正面
2168,_,很舒服,使用体验,正面
2168,_,滑滑的,使用体验,正面
2168,_,香香的,气味,正面
2169,购买,值得,价格,正面
2169,购买,很实惠,价格,正面
2169,_,不错,整体,正面
2170,_,滑滑的,使用体验,正面
2170,_,洗干净,功效,负面
2170,个人,不太好,整体,负面
2171,_,值得,整体,正面
2171,_,还可以,整体,正面
2172,品牌 快递,快,包装,正面
2172,品牌 快递,真的好,包装,正面
2172,下午,到,整体,中性
2172,_,好用,整体,正面
2172,_,希望,整体,负面
2173,下午,到,整体,中性
2173,_,快,物流,正面
2174,价格,没,价格,负面
2174,_,不值,整体,负面
2175,_,还可以,整体,正面
2175,味道,奇怪,气味,正面
2176,_,不错,整体,正面
2177,_,洗不干净,功效,负面
2177,_,一般,整体,中性
2178,_,超级好用,整体,正面
2178,味道,坚持,气味,正面
2179,_,方便,使用体验,负面
2179,颜色,很自然,功效,负面
2179,_,好，用,整体,正面
2180,图片,上,包装,正面
2180,_,还行,整体,正面
2181,_,能接受,价格,正面
2181,质地,很好,使用体验,正面
2181,_,到,整体,中性
2181,气味,不太好,气味,负面
2181,气味,闻,气味,正面
2182,_,很好用,整体,正面
2182,_,购买,整体,正面
2183,_,好评,整体,正面
2183,_,很好用,整体,正面
2184,卖家,挺便宜的,服务,正面
2185,品牌 物流,好快,物流,正面
2186,包装,_,包装,正面
2186,_,还可以,整体,正面
2187,_,挺好的,整体,正面
2188,_,还可以,整体,正面
2189,产品号,快,整体,正面
2189,产品号,是正品,整体,正面
2189,物流,快,物流,正面
2190,包装盒,没有,包装,负面
2190,_,抠门,整体,正面
2190,_,还行,整体,正面
2191,品牌 快递,快,包装,正面
2191,_,失望,整体,负面
2191,_,送货到家,物流,正面
2192,隔离香味,很喜欢,功效,正面
2192,隔离香味,淡,功效,正面
2193,活动,挺划算,价格,正面
2193,_,太慢了,物流,负面
2194,发货,很快,物流,正面
2195,_,不贵,价格,正面
2195,性价比,高,价格,正面
2195,隔离,一直用,功效,正面
2195,隔离,很好用,功效,正面
2195,_,好用,整体,负面
2196,_,不卡粉,使用体验,正面
2196,_,很润,使用体验,正面
2196,包装,好,包装,正面
2196,_,很满意,整体,正面
2196,物流,快,物流,正面
2197,_,_,_,_
2198,_,贵,价格,负面
2198,_,好,整体,正面
2199,味道,好闻,气味,正面
2200,_,不是太好,功效,负面
2201,包装,好看,包装,正面
2201,_,满意,整体,正面
2201,发货,快,物流,正面
2202,_,很划算,价格,正面
2203,_,还可以,整体,正面
2204,hellip,很好,整体,正面
2205,质量问题,不是很好,其他,负面
2205,包装,一般,包装,中性
2205,小瓶,精致,包装,正面
2206,_,要,整体,正面
2207,_,有泡沫,使用体验,正面
2207,_,细腻,使用体验,负面
2207,味道,还行,气味,正面
2208,补水,还可以,功效,正面
2208,_,不错,整体,正面
2208,_,总,整体,正面
2209,_,温和不刺激,使用体验,正面
2209,_,不错,整体,正面
2209,_,挺好,整体,正面
2210,_,非常棒,整体,正面
2211,活动,很便宜,价格,正面
2211,性价比,高,价格,正面
2212,价格,不贵,价格,正面
2212,经济,实惠,价格,正面
2212,_,还行,整体,正面
2213,_,太白,功效,正面
2213,_,很自然,功效,正面
2213,_,不错,整体,正面
2214,_,喜欢,整体,正面
2214,_,超级喜欢,整体,正面
2215,_,便宜,价格,正面
2215,_,贵,价格,负面
2216,补水效果,挺不错,功效,正面
2216,_,超,整体,正面
2216,_,棒,物流,正面
2217,_,挺舒服的,使用体验,正面
2217,今天,到,整体,中性
2217,_,还不错,整体,正面
2217,物流,挺快的,物流,正面
2218,效果外包装,好看,包装,负面
2218,效果外包装,要,包装,负面
2218,_,好用,整体,负面
2219,赠品,不错哦,价格,正面
2219,_,有光泽,功效,正面
2219,_,值得,整体,正面
2219,_,挺好的,整体,正面
2219,_,购买,整体,正面
2220,_,超划算,价格,正面
2220,_,很好,整体,正面
2220,卖家,发,服务,正面
2220,卖家,少,服务,负面
2221,_,好多,价格,正面
2221,_,不错,整体,正面
2222,_,特别好用,整体,正面
2222,_,非常满意,整体,正面
2223,客服,推荐,服务,正面
2223,客服,耐心,服务,正面
2223,客服,谢谢,服务,正面
2223,货,期待,物流,正面
2224,补水效果,很好,功效,正面
2225,_,偏干,整体,正面
2225,_,真好,物流,正面
2226,_,干,整体,负面
2226,_,挺好,整体,正面
2226,_,挺适合,整体,正面
2227,_,比较优惠,价格,正面
2227,清洁效果,还不知道,功效,中性
2227,_,购买,整体,正面
2227,_,还可以,整体,正面
2228,价格,_,价格,正面
2228,质量,一般,其他,中性
2229,_,好多,价格,正面
2229,今天货,到,整体,中性
2229,_,到,整体,中性
2229,_,好,整体,正面
2229,_,好评,整体,正面
2229,方面,满意,整体,正面
2230,效果,明显,功效,正面
2230,_,不错,整体,正面
2230,_,好评,整体,正面
2231,效果,挺好的,功效,正面
2232,隔离包装,很好,功效,正面
2232,效果,棒棒哒,功效,正面
2232,_,可以,整体,正面
2232,_,好用,整体,正面
2232,_,购买,整体,正面
2232,_,是正品,真伪,正面
2233,活动价,_,价格,正面
2233,_,划算,价格,正面
2233,_,洗面,整体,正面
2234,_,很细腻,使用体验,正面
2234,_,太白,功效,正面
2234,_,有点少,尺寸,负面
2235,_,很好,整体,正面
2235,物流,超快,物流,正面
2236,_,挺显白的,使用体验,正面
2237,推开,回购,使用体验,正面
2237,推开,改善肤色,使用体验,正面
2237,推开,真的很不错,使用体验,正面
